imgID_id,filePath,GLS,NCLB,PLS,CR,SR,NoFoliarSymptoms,Other,UnidentifiedDisease
186,2019-03-13--Cedara-(DKB)-DSC_0310.JPG,0,0,0,1,0,0,0,0
2164,20200309_093834.jpg,0,0,0,0,0,0,0,1
427,IMG_20190316_075333.jpg,0,0,1,0,0,0,0,0
622,20190313_152602.jpg,0,0,0,0,0,0,1,1
613,20190313_144246.jpg,1,0,0,1,0,0,0,0
1970,20200309_091603.jpg,0,0,0,0,0,0,0,1
1200,140_CIMG3876_1-349-1.JPG,1,0,0,0,0,0,0,0
2250,20200309_092955(0).jpg,1,0,0,0,0,0,0,0
64,2019-03-13--Cedara-(DKB)-DSC_0127.JPG,1,0,0,0,0,0,0,0
1529,2012_03_DSC1781_maize_diverse-C-AC-DK-273.JPG,1,0,0,0,0,0,1,0
697,20190313_115210.jpg,1,0,0,0,0,0,0,0
1699,2012_03_IMG_6518_maize_diverse JM-R-Pn.JPG,0,1,1,1,0,0,0,0
818,IMG_20190316_091209.jpg,0,0,0,1,0,0,0,0
2017,20200309_090111.jpg,1,1,0,0,0,0,0,0
877,IMG_20190316_074305.jpg,0,0,1,0,1,0,1,0
1346,IMG_3790.JPG,1,0,0,0,0,0,0,0
2059,20200309_090800.jpg,1,0,0,0,0,0,0,0
2190,20200309_103547.jpg,1,0,0,0,0,0,1,0
1737,2012_03_IMG_6310_maize_diverse JM-C-Ac.JPG,0,0,0,0,0,0,0,1
281,2019-03-13--Cedara-(DKB)-DSC_0106.JPG,0,0,0,0,0,0,1,0
2052,20200309_093007.jpg,0,0,1,0,0,0,0,0
1548,2012_03_DSC2005_maize_diverse-R-Pn-DK-28.JPG,0,0,1,0,0,0,1,1
2121,20200309_090837.jpg,0,0,1,0,0,0,0,0
1813,2012_03_IMG_6444_maize_diverse JM-R-Pn.JPG,0,0,0,0,0,0,0,1
1061,127_CIMG3863_1-7-1.JPG,0,0,0,0,0,0,0,1
2137,20200309_090314.jpg,1,0,1,0,0,0,0,0
318,IMG_20190316_083918.jpg,0,0,1,0,0,0,0,0
1283,IMG_3794.JPG,0,1,0,0,0,0,0,0
2139,20200309_091421.jpg,0,1,1,0,0,0,0,0
755,20190313_142215.jpg,1,0,0,0,0,0,1,0
482,IMG_20190316_082647.jpg,0,0,1,0,0,0,0,0
2214,20200309_093037.jpg,0,0,0,0,0,1,0,0
417,IMG_20190316_074129.jpg,0,1,0,0,0,0,0,0
196,2019-03-13--Cedara-(DKB)-DSC_0149.JPG,0,0,0,0,0,1,0,0
1475,IMG_3719.JPG,0,1,0,0,0,0,0,0
1594,2012_03_DSC1937_maize_diverse-R-Pn-DK-28.JPG,1,0,1,0,0,0,0,0
1740,2012_03_IMG_6476_maize_diverse JM-R-Pn.JPG,0,0,0,0,0,0,0,1
655,20190313_120023.jpg,1,0,0,0,0,0,0,0
32,2019-03-13--Cedara-(DKB)-DSC_0042.JPG,1,0,0,1,0,0,0,0
2123,20200309_092625.jpg,0,0,1,0,0,0,0,0
22,2019-03-13--Cedara-(DKB)-DSC_0202.JPG,0,0,0,0,0,1,0,0
1564,2012_03_DSC1949_maize_diverse-R-Pn-DK-28.JPG,1,0,1,0,0,0,0,1
1057,180_CIMG3916_1-141-2.JPG,1,0,0,0,0,0,0,0
2213,20200309_093106.jpg,0,0,0,0,0,0,0,1
1979,20200309_093458.jpg,0,0,1,0,0,0,0,0
1247,IMG_3810.JPG,1,0,0,0,0,0,0,0
19,2019-03-13--Cedara-(DKB)-DSC_0169.JPG,1,0,1,1,0,0,0,0
1626,2012_03_DSC1732_maize_diverse-C-AC-DK-273.JPG,1,0,0,0,0,0,0,0
592,20190313_122031.jpg,0,0,0,0,0,1,0,0
25,2019-03-13--Cedara-(DKB)-DSC_0110.JPG,0,1,0,0,0,0,0,1
538,20190313_143628.jpg,0,1,1,0,0,0,0,0
255,2019-03-13--Cedara-(DKB)-DSC_0129.JPG,1,0,0,0,0,0,1,0
1747,2012_03_IMG_6491_maize_diverse JM-R-Pn.JPG,0,0,1,0,0,0,0,0
442,IMG_20190316_091526.jpg,0,1,0,1,1,0,0,0
944,IMG_20190316_074938.jpg,0,1,1,1,0,0,0,0
1491,IMG_20190227_112716.jpg,0,1,1,1,0,0,0,0
2118,20200309_093755.jpg,0,0,0,0,0,0,1,1
202,2019-03-13--Cedara-(DKB)-DSC_0255.JPG,0,0,0,1,0,0,1,0
310,IMG_20190316_091922.jpg,0,0,0,1,0,0,0,0
1589,2012_03_DSC1790_maize_diverse-C-AC-DK-273.JPG,1,0,0,0,0,0,0,0
906,IMG_20190316_083804.jpg,0,1,0,0,0,0,0,1
2235,20200309_092141.jpg,0,0,0,0,0,1,0,0
360,IMG_20190316_090816.jpg,0,1,0,0,0,0,0,0
43,2019-03-13--Cedara-(DKB)-DSC_0317.JPG,0,0,0,1,0,0,0,0
1683,2012_03_DSC1895_maize_diverse-R-Pn-DK-28.JPG,0,0,1,0,0,0,0,0
886,IMG_20190316_092302.jpg,0,1,1,0,0,0,0,0
1749,2012_03_IMG_6333_maize_diverse JM-C-Ac.JPG,0,0,0,0,0,1,0,0
1855,2012_03_IMG_6536_maize_diverse JM-R-Pn.JPG,0,0,0,0,0,0,0,1
1190,49_CIMG3784_1-70-2.JPG,1,0,0,0,0,0,0,0
199,2019-03-13--Cedara-(DKB)-DSC_0268.JPG,1,0,0,0,0,0,0,0
1233,IMG_3820.JPG,1,0,0,0,0,0,0,0
1055,133_CIMG3869_1-113-1.JPG,1,0,0,0,0,0,0,0
1158,20_CIMG3754_1-383-1.JPG,1,0,0,0,0,0,0,0
2061,20200309_092927.jpg,0,0,0,0,0,1,0,0
1591,2012_03_DSC2007_maize_diverse (1)-R-Pn-DK-28.JPG,0,0,0,0,0,1,0,0
2099,20200309_091530.jpg,0,0,1,0,0,0,0,1
1302,IMG_3645.JPG,0,0,1,1,0,0,0,0
1129,135_CIMG3871_1-113-2.JPG,1,0,0,0,0,0,0,0
1801,2012_03_IMG_6346_maize_diverse JM-C-Ac.JPG,1,0,0,0,0,0,1,1
226,2019-03-13--Cedara-(DKB)-DSC_0179.JPG,1,0,0,0,0,0,1,0
1242,IMG_3727.JPG,1,0,0,0,0,0,0,0
1660,2012_03_DSC1920_maize_diverse (1)-R-Pn-DK-28.JPG,0,0,0,0,0,1,0,0
326,IMG_20190316_084956.jpg,0,1,0,0,0,0,0,0
1192,68_CIMG3803_1-193-1.JPG,1,1,0,0,0,0,0,0
2347,IMG_20200309_103740.jpg,1,0,0,0,0,0,0,0
1951,20200309_103406.jpg,0,0,0,0,0,1,0,1
1738,2012_03_IMG_6579_maize_diverse JM (1)-R-Pn.JPG,1,0,0,0,0,0,0,0
1621,2012_03_DSC1906_maize_diverse-R-Pn-DK-28.JPG,0,0,1,0,0,0,0,1
1484,IMG_20190227_103909.jpg,0,1,0,0,0,0,0,0
1524,2012_03_DSC1740_maize_diverse-C-AC-DK-273.JPG,1,0,0,0,0,0,0,1
1974,20200309_103401.jpg,0,0,0,0,0,1,0,1
2044,20200309_090719.jpg,0,0,1,0,0,0,0,0
1754,2012_03_IMG_6508_maize_diverse JM (1)-R-Pn.JPG,1,0,0,0,0,0,0,0
643,20190313_143214.jpg,1,1,0,0,0,0,0,0
1310,IMG_3643.JPG,0,0,1,0,0,0,0,0
2080,20200309_092404.jpg,0,0,0,0,0,1,0,0
113,2019-03-13--Cedara-(DKB)-DSC_0266.JPG,0,1,0,0,0,0,1,0
2147,20200309_085919.jpg,0,0,1,1,0,0,0,0
2107,20200309_085912.jpg,0,0,1,0,0,0,0,0
217,2019-03-13--Cedara-(DKB)-DSC_0240.JPG,0,0,0,0,0,1,1,0
2372,IMG_20200226_084524.jpg,1,0,0,0,0,0,0,0
713,20190313_142015.jpg,0,0,0,0,0,1,1,0
515,IMG_20190316_083033.jpg,0,0,0,0,0,1,0,0
2217,20200309_103416.jpg,0,0,0,0,0,1,0,0
2320,IMG_20200226_084336.jpg,1,0,0,0,0,0,0,0
74,2019-03-13--Cedara-(DKB)-DSC_0303.JPG,1,0,1,0,0,0,0,0
1868,2012_03_IMG_6498_maize_diverse JM-R-Pn.JPG,1,0,1,0,0,0,0,0
834,IMG_20190316_082303.jpg,0,0,0,1,0,0,0,0
2066,20200309_092951(0).jpg,1,0,0,0,0,0,0,0
2280,IMG_20200323_103814.jpg,1,0,1,0,0,0,0,0
1328,IMG_3759.JPG,1,0,1,0,0,0,0,0
734,20190313_111234.jpg,0,0,1,1,0,0,0,0
856,IMG_20190316_085339.jpg,0,0,0,1,0,0,1,0
649,20190313_121256.jpg,0,0,0,0,0,1,1,0
1031,148_CIMG3884_1-SC-1.JPG,1,0,0,0,0,0,0,0
40,2019-03-13--Cedara-(DKB)-DSC_0134.JPG,0,0,1,0,0,0,0,0
2113,20200309_090511.jpg,0,0,1,0,0,0,0,0
2207,20200309_092647.jpg,1,0,0,0,0,0,0,0
2351,IMG_20200226_083955.jpg,1,0,0,0,0,0,0,0
1915,2012_03_IMG_6401_maize_diverse JM-C-Ac.JPG,0,0,0,0,0,1,0,0
149,2019-03-13--Cedara-(DKB)-DSC_0114.JPG,0,1,0,0,0,0,0,0
630,20190313_115710.jpg,1,0,0,0,0,0,0,0
791,IMG_20190316_085253.jpg,0,0,0,0,0,1,0,0
141,2019-03-13--Cedara-(DKB)-DSC_0207.JPG,0,0,0,0,0,1,0,0
409,IMG_20190316_080129.jpg,0,1,1,0,0,0,0,0
2370,IMG_20200302_111719.jpg,1,1,0,0,0,0,0,0
1536,2012_03_DSC1968_maize_diverse-R-Pn-DK-28.JPG,1,0,0,0,0,0,0,1
940,IMG_20190316_085723.jpg,0,0,0,1,0,0,0,1
669,20190313_145415.jpg,0,1,0,0,0,0,0,0
1605,2012_03_DSC1804_maize_diverse-C-AC-DK-273.JPG,1,0,0,0,0,0,0,0
1515,IMG_20190227_103901.jpg,1,1,0,0,0,0,0,0
2115,20200309_101836.jpg,0,1,0,0,0,0,0,0
1722,2012_03_IMG_6511_maize_diverse JM-R-Pn.JPG,0,0,1,0,0,0,0,0
1963,20200309_093024.jpg,1,0,0,0,0,0,0,0
62,2019-03-13--Cedara-(DKB)-DSC_0133.JPG,0,0,0,0,0,0,0,1
2240,20200309_102731.jpg,0,1,0,0,0,0,0,0
1287,IMG_3631.JPG,0,0,1,0,0,0,1,0
1209,26_CIMG3761_1-145-1.JPG,1,0,0,0,0,0,0,0
2011,20200309_093414.jpg,1,0,0,1,0,0,0,0
652,20190313_143659.jpg,0,0,0,1,0,0,0,0
852,IMG_20190316_091855.jpg,0,0,0,1,0,0,0,0
1460,IMG_3714.JPG,1,0,0,0,0,0,0,0
2102,20200309_091557.jpg,0,1,0,0,0,0,0,0
698,20190313_120031.jpg,1,0,0,0,0,0,0,0
1580,2012_03_DSC1899_maize_diverse-R-Pn-DK-28.JPG,1,0,0,0,0,0,1,1
2078,20200309_092357.jpg,0,0,0,0,0,1,0,0
1379,IMG_3739.JPG,0,0,0,0,0,0,1,0
1244,IMG_3647.JPG,0,0,1,0,0,0,0,0
2219,20200309_091758.jpg,1,1,0,0,0,0,0,0
735,20190313_144609.jpg,1,0,0,0,0,0,1,0
30,2019-03-13--Cedara-(DKB)-DSC_0292.JPG,1,0,0,0,0,0,0,0
1375,IMG_3712.JPG,1,0,0,0,0,0,0,0
825,IMG_20190316_081631.jpg,0,0,1,0,0,0,0,1
1518,2012_03_DSC1935_maize_diverse-R-Pn-DK-28.JPG,1,0,0,0,0,0,0,0
1228,IMG_3668.JPG,1,0,0,0,0,0,0,0
1575,2012_03_DSC2011_maize_diverse-R-Pn-DK-28.JPG,1,0,0,0,0,0,1,0
1893,2012_03_IMG_6512_maize_diverse JM-R-Pn.JPG,0,0,1,0,0,0,0,0
117,2019-03-13--Cedara-(DKB)-DSC_0066.JPG,1,0,0,0,0,0,0,0
2079,20200309_090818.jpg,1,0,1,0,0,0,0,0
642,20190313_142027.jpg,1,0,0,0,0,1,0,0
1618,2012_03_DSC1778_maize_diverse-C-AC-DK-273.JPG,0,0,0,0,0,0,0,1
2162,20200309_103337.jpg,0,0,0,0,0,0,0,1
737,20190313_121136.jpg,1,0,0,0,0,1,0,1
1265,IMG_3849.JPG,1,0,1,0,0,0,0,0
764,20190313_143028.jpg,0,0,0,0,0,1,1,0
1042,227_CIMG3964_1-333-1.JPG,1,0,0,0,0,0,0,0
1433,IMG_3847.JPG,0,0,1,0,0,0,0,0
1168,102_CIMG3837_1-49-2.JPG,1,0,0,0,0,0,0,0
1467,IMG_3865.JPG,1,0,1,0,0,0,0,0
1799,2012_03_IMG_6504_maize_diverse JM-R-Pn.JPG,1,1,0,0,0,0,0,0
510,IMG_20190316_085740.jpg,0,0,1,1,0,0,0,0
1535,2012_03_DSC1929_maize_diverse-R-Pn-DK-28.JPG,1,0,0,0,0,0,1,0
1633,2012_03_DSC1959_maize_diverse-R-Pn-DK-28.JPG,0,0,0,0,0,1,0,0
1560,2012_03_DSC1738_maize_diverse-C-AC-DK-273.JPG,1,0,0,0,0,0,0,0
1541,2012_03_DSC1981_maize_diverse-R-Pn-DK-28.JPG,1,0,0,0,0,0,1,0
386,IMG_20190316_080808.jpg,0,0,0,1,0,0,0,0
2251,20200309_093026.jpg,0,0,0,0,0,1,0,0
1804,2012_03_IMG_6314_maize_diverse JM-C-Ac.JPG,1,0,0,0,0,0,0,0
1653,2012_03_DSC1748_maize_diverse-C-AC-DK-273.JPG,0,0,0,0,0,1,0,0
1932,20200309_091351.jpg,0,1,0,0,0,0,0,1
600,20190313_152308.jpg,0,0,0,0,0,1,0,0
1667,2012_03_DSC1710_maize_diverse-C-AC-DK-273.JPG,0,0,0,0,0,0,0,1
517,20190313_152532.jpg,0,0,0,0,0,1,0,0
128,2019-03-13--Cedara-(DKB)-DSC_0312.JPG,0,0,0,1,0,0,0,0
2072,20200309_093428.jpg,1,0,0,0,0,0,0,0
2358,IMG_20200226_084520.jpg,0,1,0,0,0,0,0,0
539,20190313_122252.jpg,0,0,0,0,0,1,0,0
964,IMG_20190316_090515.jpg,0,0,0,0,0,0,1,0
228,2019-03-13--Cedara-(DKB)-DSC_0272.JPG,1,0,1,0,1,0,0,0
1897,2012_03_IMG_6543_maize_diverse JM-R-Pn.JPG,0,0,0,0,0,1,0,0
1869,2012_03_IMG_6285_maize_diverse JM-C-Ac.JPG,1,0,0,0,0,0,0,0
1658,2012_03_DSC1750_maize_diverse-C-AC-DK-273.JPG,0,0,0,1,0,0,0,1
688,20190313_115634.jpg,1,0,0,0,0,0,0,0
258,2019-03-13--Cedara-(DKB)-DSC_0142.JPG,0,1,0,0,0,0,0,0
1402,IMG_3822.JPG,1,0,0,0,0,0,0,0
1648,2012_03_DSC1719_maize_diverse-C-AC-DK-273.JPG,1,0,0,0,0,0,0,0
1769,2012_03_IMG_6282_maize_diverse JM-C-Ac.JPG,1,0,0,0,0,0,0,0
496,IMG_20190316_081352.jpg,0,0,0,0,0,0,1,0
801,IMG_20190316_085342.jpg,0,0,0,0,0,0,1,1
2349,IMG_20200323_103802.jpg,1,0,0,0,0,0,0,0
1647,2012_03_DSC1805_maize_diverse-C-AC-DK-273.JPG,1,0,0,0,0,0,0,0
1486,IMG_20190227_113259.jpg,0,1,1,0,0,0,0,0
107,2019-03-13--Cedara-(DKB)-DSC_0259.JPG,0,0,0,0,0,0,1,0
831,IMG_20190316_084625.jpg,0,1,0,0,0,0,0,0
1900,2012_03_IMG_6298_maize_diverse JM-C-Ac.JPG,1,0,0,0,0,0,0,0
2328,IMG_20200226_135151.jpg,1,0,0,0,0,0,0,0
1387,IMG_3632.JPG,0,0,1,0,0,0,0,0
2134,20200309_093520.jpg,0,0,0,0,0,1,0,0
83,2019-03-13--Cedara-(DKB)-DSC_0083.JPG,0,0,0,0,0,1,0,0
973,IMG_20190316_091639.jpg,1,0,0,1,0,0,0,0
1527,2012_03_DSC1943_maize_diverse-R-Pn-DK-28.JPG,1,0,0,0,0,0,0,1
330,IMG_20190316_082943.jpg,0,0,1,0,0,0,0,0
636,20190313_115529.jpg,1,0,0,0,0,0,0,0
470,IMG_20190316_085356.jpg,0,1,0,0,0,0,0,0
1867,2012_03_IMG_6431_maize_diverse JM-R-Pn.JPG,1,0,0,0,0,0,0,0
1241,IMG_3685.JPG,0,1,0,0,0,0,0,0
1584,2012_03_DSC1966_maize_diverse-R-Pn-DK-28.JPG,1,0,1,0,0,0,1,1
1147,56_CIMG3791_1-390-1.JPG,1,0,0,0,0,0,0,0
1132,44_CIMG3779_1-238-2.JPG,1,0,0,0,0,0,0,0
1249,IMG_3747.JPG,1,0,0,0,0,0,1,0
2180,20200309_092130.jpg,0,0,1,0,0,0,0,0
619,20190313_122405.jpg,1,0,0,0,0,0,1,0
77,2019-03-13--Cedara-(DKB)-DSC_0174.JPG,0,0,0,0,0,1,1,0
1128,61_CIMG3796_1-341-2.JPG,1,0,0,0,0,0,0,0
1860,2012_03_IMG_6558_maize_diverse JM-R-Pn.JPG,1,0,1,0,0,0,0,0
1054,25_CIMG3760_1-42-2.JPG,1,0,0,0,0,0,0,0
1149,32_CIMG3767_1-112-1.JPG,1,0,0,0,0,0,0,0
1245,IMG_3760.JPG,1,0,0,0,0,0,0,0
1650,2012_03_DSC1750_maize_diverse (1)-C-AC-DK-273.JPG,0,0,0,1,0,0,0,1
1713,2012_03_IMG_6551_maize_diverse JM-R-Pn.JPG,0,0,1,0,0,0,0,0
1898,2012_03_IMG_6379_maize_diverse JM-C-Ac.JPG,1,0,1,0,0,0,0,0
1315,IMG_3837.JPG,1,0,0,0,0,0,0,0
689,20190313_142410.jpg,1,0,0,0,0,0,0,0
502,IMG_20190316_090301.jpg,0,0,0,1,0,0,0,0
1520,2012_03_DSC1977_maize_diverse-R-Pn-DK-28.JPG,1,0,0,0,0,0,0,0
1056,94_CIMG3829_1-268-1.JPG,0,1,0,0,0,0,0,1
1858,2012_03_IMG_6525_maize_diverse JM-R-Pn.JPG,1,0,0,0,0,0,0,0
1917,2012_03_IMG_6364_maize_diverse JM-C-Ac.JPG,1,0,0,0,0,0,0,0
408,IMG_20190316_082714.jpg,0,0,1,0,0,0,0,0
315,IMG_20190316_091643.jpg,0,0,0,1,0,0,0,0
1976,20200309_090936.jpg,0,0,0,0,0,0,1,0
148,2019-03-13--Cedara-(DKB)-DSC_0201.JPG,1,0,0,0,0,0,0,0
76,2019-03-13--Cedara-(DKB)-DSC_0049.JPG,1,1,0,0,0,0,0,0
611,20190313_153723.jpg,0,0,0,0,0,1,0,0
1003,222_CIMG3959_1-239-2.JPG,1,0,0,0,0,0,0,0
1739,2012_03_IMG_6419_maize_diverse JM-R-Pn.JPG,1,0,0,0,0,0,0,0
1832,2012_03_IMG_6571_maize_diverse JM-R-Pn.JPG,0,0,0,0,0,1,0,0
1612,2012_03_DSC1923_maize_diverse-R-Pn-DK-28.JPG,1,0,0,0,0,0,0,0
257,2019-03-13--Cedara-(DKB)-DSC_0143.JPG,0,1,0,0,0,0,0,1
616,20190313_122850.jpg,0,0,0,0,0,0,0,1
445,IMG_20190316_090101.jpg,0,0,0,0,0,1,0,0
761,20190313_153350.jpg,1,0,0,1,0,0,0,0
2224,20200309_103212.jpg,1,0,0,0,0,0,0,0
943,IMG_20190316_093827.jpg,0,1,1,1,0,0,0,0
508,IMG_20190316_085541.jpg,0,0,1,1,0,0,0,0
177,2019-03-13--Cedara-(DKB)-DSC_0072.JPG,1,0,0,0,0,0,0,0
1123,113_CIMG3849_1-203-2.JPG,1,0,0,0,0,0,0,0
438,IMG_20190316_080937.jpg,0,0,1,1,0,0,1,0
1579,2012_03_DSC1771_maize_diverse-C-AC-DK-273.JPG,1,0,0,0,0,0,1,0
312,IMG_20190316_091910.jpg,0,0,1,1,0,0,0,0
2315,IMG_20200309_103750.jpg,1,0,0,0,0,0,0,1
656,20190313_145907.jpg,1,0,1,0,0,0,1,0
2144,20200309_101739.jpg,1,1,0,0,0,0,0,0
1446,IMG_3726.JPG,1,0,0,0,0,0,1,0
1760,2012_03_IMG_6495_maize_diverse JM-R-Pn.JPG,0,0,0,0,0,0,0,1
214,2019-03-13--Cedara-(DKB)-DSC_0016.JPG,0,0,0,0,0,1,0,0
1292,IMG_3730.JPG,1,0,0,0,0,0,0,0
559,20190313_145819.jpg,1,0,0,0,0,0,0,0
1882,2012_03_IMG_6349_maize_diverse JM-C-Ac.JPG,1,0,0,0,0,0,0,0
2092,20200309_090613.jpg,1,0,0,0,0,0,0,0
1014,73_CIMG3808_1-50-2.JPG,1,0,0,0,0,0,0,0
535,20190313_110841.jpg,1,0,1,0,0,0,0,0
2285,IMG_20200309_105510.jpg,1,0,0,0,0,0,0,0
452,IMG_20190316_092149.jpg,0,0,0,1,0,0,0,0
541,20190313_153518.jpg,1,1,1,0,0,0,0,0
1510,IMG_20190227_112936.jpg,1,1,0,0,0,0,0,0
403,IMG_20190316_090331.jpg,0,0,0,1,1,0,0,0
2216,20200309_091654.jpg,1,1,0,0,0,0,0,0
1497,IMG_20190227_112833.jpg,0,1,1,0,0,0,0,0
903,IMG_20190316_092324.jpg,0,0,0,1,0,0,0,0
2284,IMG_20200309_103945.jpg,1,0,0,0,0,0,0,0
1692,2012_03_IMG_6522_maize_diverse JM-R-Pn.JPG,0,0,0,0,0,0,0,1
726,20190313_153740.jpg,0,0,1,0,0,0,1,0
1488,IMG_20190227_113113.jpg,1,1,1,0,0,0,0,0
1441,IMG_3784.JPG,0,0,1,0,0,0,0,0
2132,20200309_085951.jpg,0,1,1,0,0,0,0,0
604,20190313_143053.jpg,0,0,0,0,0,1,1,0
939,IMG_20190316_090350.jpg,0,1,1,1,0,0,1,0
1968,20200309_092940.jpg,0,0,0,0,0,1,0,0
1348,IMG_3780.JPG,1,1,1,0,0,0,1,0
2249,20200309_092941.jpg,0,0,0,0,0,1,0,0
23,2019-03-13--Cedara-(DKB)-DSC_0178.JPG,0,0,0,0,0,0,1,0
700,20190313_111315.jpg,0,0,0,0,0,1,0,0
1033,139_CIMG3875_1-187-2.JPG,1,0,0,0,0,0,0,0
2270,20200309_103307.jpg,1,0,0,0,0,0,0,1
1619,2012_03_DSC1751_maize_diverse-C-AC-DK-273.JPG,0,0,0,0,0,1,0,0
434,IMG_20190316_081621.jpg,0,1,1,0,0,0,0,0
182,2019-03-13--Cedara-(DKB)-DSC_0231.JPG,0,0,0,0,1,0,0,0
1032,18_CIMG3752_1-131-2.JPG,1,1,0,0,0,0,0,0
560,20190313_122354.jpg,1,0,0,0,0,0,1,0
2172,20200309_093415.jpg,1,1,1,0,0,0,0,0
570,20190313_145020.jpg,1,0,0,0,0,0,1,0
1107,195_CIMG3931_1-124-1.JPG,1,1,0,0,0,0,0,0
677,20190313_145314.jpg,0,1,0,0,0,0,1,0
1766,2012_03_IMG_6389_maize_diverse JM-C-Ac.JPG,0,0,0,0,0,1,0,0
2359,IMG_20200323_103811.jpg,1,0,0,0,0,0,0,0
240,2019-03-13--Cedara-(DKB)-DSC_0164.JPG,0,0,0,0,0,1,1,0
949,IMG_20190316_084014.jpg,0,0,1,0,0,0,1,0
566,20190313_143255.jpg,1,0,0,0,0,0,1,0
1411,IMG_3743.JPG,1,1,0,0,0,0,0,0
702,20190313_142258.jpg,0,1,0,0,0,0,0,0
708,20190313_111353.jpg,0,0,1,0,0,0,0,0
454,IMG_20190316_082452.jpg,0,1,1,1,0,0,0,0
971,IMG_20190316_084702.jpg,0,1,0,1,0,0,0,0
1952,20200309_093837.jpg,0,0,0,0,0,0,0,1
2093,20200309_093119.jpg,1,0,0,0,0,0,1,0
549,20190313_142347.jpg,0,0,0,0,0,1,1,0
66,2019-03-13--Cedara-(DKB)-DSC_0074.JPG,1,0,0,0,0,0,0,0
1062,165_CIMG3901_1-134-1.JPG,1,0,0,0,0,0,0,0
392,IMG_20190316_090125.jpg,0,0,0,0,0,1,0,0
2341,IMG_20200226_084119.jpg,1,0,0,0,0,0,0,1
1863,2012_03_IMG_6370_maize_diverse JM-C-Ac.JPG,1,0,0,0,0,0,0,0
561,20190313_153855.jpg,1,0,1,0,0,0,0,0
351,IMG_20190316_093925.jpg,0,1,0,1,0,0,0,0
2272,20200309_090148.jpg,1,0,0,0,0,0,0,0
647,20190313_122307.jpg,0,0,0,0,0,1,0,0
1841,2012_03_IMG_6272_maize_diverse JM-C-Ac.JPG,1,0,0,0,0,0,0,0
211,2019-03-13--Cedara-(DKB)-DSC_0119.JPG,1,0,1,0,0,0,0,0
680,20190313_111027.jpg,1,0,1,0,0,0,0,0
665,20190313_152351.jpg,0,1,0,0,0,0,1,0
624,20190313_121804.jpg,0,0,0,0,0,1,0,0
505,IMG_20190316_084842.jpg,0,0,0,1,0,0,0,0
94,2019-03-13--Cedara-(DKB)-DSC_0105.JPG,0,0,0,0,0,0,1,0
247,2019-03-13--Cedara-(DKB)-DSC_0168.JPG,1,1,1,0,1,0,0,0
1989,20200309_101851.jpg,0,1,1,0,0,0,1,0
2203,20200309_092128.jpg,1,0,0,0,0,0,0,0
2120,20200309_092028.jpg,0,0,0,0,0,1,0,0
1152,233_CIMG3970_1-387-1.JPG,1,0,0,0,0,0,0,0
1226,IMG_3819.JPG,1,0,0,0,0,0,0,0
547,20190313_120736.jpg,0,0,0,0,0,1,0,0
176,2019-03-13--Cedara-(DKB)-DSC_0054.JPG,1,0,0,0,0,0,0,0
308,2019-03-13--Cedara-(DKB)-DSC_0180.JPG,0,0,1,0,0,0,0,0
396,IMG_20190316_084200.jpg,0,0,1,0,0,0,0,0
533,20190313_121046.jpg,0,0,0,0,0,1,0,0
2094,20200309_085906.jpg,1,0,1,0,0,0,0,0
251,2019-03-13--Cedara-(DKB)-DSC_0063.JPG,1,0,0,0,0,0,0,0
2104,20200309_093035.jpg,0,0,0,0,0,0,0,1
71,2019-03-13--Cedara-(DKB)-DSC_0287.JPG,1,0,0,0,0,0,0,0
216,2019-03-13--Cedara-(DKB)-DSC_0271.JPG,0,0,1,0,0,0,1,0
893,IMG_20190316_091233.jpg,0,1,0,0,0,0,0,0
2290,IMG_20200318_121510.jpg,0,1,0,0,0,0,0,0
2086,20200309_092721.jpg,1,0,0,0,0,0,1,0
2246,20200309_102155.jpg,1,1,0,0,0,0,0,0
1184,41_CIMG3776_1-288-2.JPG,1,0,0,0,0,0,1,0
26,2019-03-13--Cedara-(DKB)-DSC_0092.JPG,0,0,1,0,0,0,1,0
692,20190313_144858.jpg,0,0,0,0,0,0,0,1
1083,123_CIMG3859_1-379-1.JPG,1,0,0,0,0,0,0,0
1301,IMG_3863.JPG,1,0,1,0,0,0,0,0
581,20190313_142945.jpg,0,1,0,1,0,0,0,1
1339,IMG_3667.JPG,1,0,0,0,0,0,0,0
1426,IMG_3711.JPG,1,0,0,0,0,0,1,0
640,20190313_152434.jpg,1,0,0,0,0,0,1,1
986,IMG_20190316_085808.jpg,0,1,0,1,0,0,0,0
955,IMG_20190316_074656.jpg,0,0,1,0,0,0,1,1
1137,137_CIMG3873_1-319-2.JPG,1,1,0,0,0,0,0,0
1504,IMG_20190227_112740.jpg,0,0,1,0,0,0,0,0
478,IMG_20190316_082139.jpg,0,1,0,1,0,0,0,0
1496,IMG_20190227_113230.jpg,1,1,1,0,0,0,0,0
898,IMG_20190316_094014.jpg,0,1,0,1,0,0,0,1
1839,2012_03_IMG_6545_maize_diverse JM-R-Pn.JPG,0,0,0,0,0,0,0,1
977,IMG_20190316_085229.jpg,0,0,0,1,0,0,0,1
2241,20200309_090517.jpg,1,0,0,0,0,0,0,0
2167,20200309_093751.jpg,0,0,1,0,0,0,0,0
585,20190313_144924.jpg,0,1,0,0,0,0,1,0
1746,2012_03_IMG_6385_maize_diverse JM (1)-C-Ac.JPG,1,0,0,0,0,0,0,0
1523,2012_03_DSC1700_maize_diverse (1)-C-AC-DK-273.JPG,1,0,0,0,0,0,0,1
1765,2012_03_IMG_6468_maize_diverse JM-R-Pn.JPG,0,0,0,0,0,1,0,0
1784,2012_03_IMG_6422_maize_diverse JM-R-Pn.JPG,0,0,0,0,0,0,0,1
550,20190313_153809.jpg,0,0,1,0,0,0,0,0
97,2019-03-13--Cedara-(DKB)-DSC_0082.JPG,0,0,0,0,0,0,0,1
900,IMG_20190316_080643.jpg,0,0,0,1,0,0,0,0
2130,20200309_093027.jpg,0,0,0,0,0,1,0,0
1176,152_CIMG3888_1-10-2.JPG,1,0,0,0,0,0,0,0
1844,2012_03_IMG_6575_maize_diverse JM-R-Pn.JPG,1,0,1,0,0,0,0,0
664,20190313_153456.jpg,0,0,1,0,0,0,1,0
1772,2012_03_IMG_6524_maize_diverse JM-R-Pn.JPG,1,0,0,0,0,0,0,0
2154,20200309_092929.jpg,0,0,0,0,0,1,0,0
137,2019-03-13--Cedara-(DKB)-DSC_0305.JPG,1,0,1,0,0,0,0,0
2108,20200309_092757.jpg,0,0,1,0,0,0,0,0
232,2019-03-13--Cedara-(DKB)-DSC_0270.JPG,0,0,0,0,0,0,1,0
982,IMG_20190316_082719.jpg,0,0,1,0,0,0,0,0
2355,IMG_20200226_083838.jpg,1,0,0,0,0,0,0,0
2202,20200309_093022.jpg,1,0,0,0,0,0,0,0
966,IMG_20190316_083818.jpg,0,1,1,0,0,0,0,0
1984,20200309_091513.jpg,1,0,0,0,0,0,0,0
142,2019-03-13--Cedara-(DKB)-DSC_0068.JPG,1,0,0,0,0,0,0,0
1457,IMG_3693.JPG,0,1,0,0,0,0,0,0
167,2019-03-13--Cedara-(DKB)-DSC_0107.JPG,1,1,0,0,0,0,0,0
415,IMG_20190316_091120.jpg,0,0,0,1,0,0,0,0
614,20190313_120323.jpg,0,0,0,0,0,1,0,0
1857,2012_03_IMG_6412_maize_diverse JM-R-Pn.JPG,1,0,0,0,0,0,0,0
1221,173_CIMG3909_1-220-2.JPG,1,0,0,0,0,0,0,0
1986,20200309_093049.jpg,0,0,1,0,0,0,0,0
28,2019-03-13--Cedara-(DKB)-DSC_0280.JPG,0,0,1,1,0,0,0,0
2365,IMG_20200323_103940.jpg,1,0,0,0,0,0,0,0
379,IMG_20190316_090817.jpg,0,0,0,1,0,0,0,1
997,24_CIMG3759_1-42-1.JPG,1,0,0,0,0,0,0,0
301,2019-03-13--Cedara-(DKB)-DSC_0136.JPG,0,0,0,0,0,1,0,0
1611,2012_03_DSC1919_maize_diverse (1)-R-Pn-DK-28.JPG,0,0,0,0,0,1,0,0
1088,105_CIMG3841_1-140-2.JPG,1,0,0,0,0,0,0,0
138,2019-03-13--Cedara-(DKB)-DSC_0311.JPG,0,0,0,1,0,0,0,0
593,20190313_145528.jpg,0,0,0,1,0,0,0,0
881,IMG_20190316_091200.jpg,0,1,0,1,0,0,0,0
244,2019-03-13--Cedara-(DKB)-DSC_0275.JPG,0,1,0,0,0,0,0,0
1870,2012_03_IMG_6353_maize_diverse JM-C-Ac.JPG,1,0,0,0,0,0,0,0
1202,55_CIMG3790_1-186-2.JPG,1,0,0,0,0,0,0,0
1080,38_CIMG3773_1-362-1.JPG,1,0,0,0,0,0,0,0
1733,2012_03_IMG_6330_maize_diverse JM-C-Ac.JPG,1,0,0,0,0,0,0,0
1702,2012_03_IMG_6380_maize_diverse JM-C-Ac.JPG,1,0,1,0,0,0,0,0
648,20190313_113625.jpg,1,0,0,0,0,0,0,0
2277,IMG_20200323_103816.jpg,1,0,1,0,0,0,0,0
1337,IMG_3789.JPG,1,0,0,0,0,0,0,0
914,IMG_20190316_092530.jpg,1,0,0,1,0,0,0,1
572,20190313_141929.jpg,0,0,0,0,0,1,0,0
2182,20200309_092252.jpg,0,0,1,0,0,0,0,0
679,20190313_122909.jpg,0,0,0,0,0,1,0,0
488,IMG_20190316_083101.jpg,0,0,0,0,0,1,0,0
487,IMG_20190316_085910.jpg,0,1,0,1,0,0,0,0
1521,2012_03_DSC1916_maize_diverse-R-Pn-DK-28.JPG,1,0,0,0,0,0,1,0
1908,2012_03_IMG_6318_maize_diverse JM-C-Ac.JPG,1,0,1,0,0,0,0,0
553,20190313_145442.jpg,0,1,0,0,0,0,0,0
771,20190313_112210.jpg,0,0,0,0,0,1,0,1
157,2019-03-13--Cedara-(DKB)-DSC_0194.JPG,0,1,0,0,0,0,0,0
935,IMG_20190316_075331.jpg,1,1,1,0,0,0,0,0
1267,IMG_3831.JPG,1,1,0,0,0,0,0,0
1216,178a_CIMG3987_1-108-1.JPG,1,0,0,0,0,0,0,0
2308,IMG_20200302_111752.jpg,1,1,0,0,0,0,0,0
156,2019-03-13--Cedara-(DKB)-DSC_0139.JPG,0,0,0,0,0,1,0,0
2075,20200309_091330.jpg,1,1,0,0,0,0,0,0
1077,149_CIMG3885_1-SC-1.JPG,1,0,0,0,0,0,0,0
331,IMG_20190316_094112.jpg,0,1,0,0,0,0,0,0
309,IMG_20190316_080002.jpg,0,0,0,1,0,0,0,0
910,IMG_20190316_083725.jpg,0,1,1,0,0,0,0,1
1191,200_CIMG3936_1-166-2.JPG,0,0,0,0,0,0,0,1
2157,20200309_102756.jpg,1,1,0,0,0,0,0,0
1432,IMG_3657.JPG,0,0,0,0,0,0,0,1
883,IMG_0838.JPG,0,1,0,0,0,0,0,0
388,IMG_20190316_094059.jpg,0,1,1,0,0,0,0,0
1340,IMG_3679.JPG,1,0,0,0,0,0,0,0
1880,2012_03_IMG_6519_maize_diverse JM-R-Pn.JPG,0,1,1,0,0,0,0,0
2218,20200309_090451.jpg,1,0,0,0,0,0,0,1
1103,115_CIMG3851_1-322-2.JPG,1,0,0,0,0,0,0,0
920,IMG_20190316_091501.jpg,0,0,0,1,0,0,0,0
1656,2012_03_DSC1768_maize_diverse-C-AC-DK-273.JPG,0,0,0,0,0,0,1,0
1798,2012_03_IMG_6301_maize_diverse JM-C-Ac.JPG,1,1,0,0,0,0,0,0
595,20190313_110651.jpg,0,0,0,0,0,1,1,0
15,2019-03-13--Cedara-(DKB)-DSC_0031.JPG,0,0,0,0,0,1,0,0
1087,128_CIMG3864_1-7-2.JPG,1,0,0,0,0,0,0,1
158,2019-03-13--Cedara-(DKB)-DSC_0084.JPG,0,0,0,0,0,1,0,0
1452,IMG_3620.JPG,0,0,1,0,0,0,0,0
444,IMG_20190316_084528.jpg,0,1,0,0,0,0,0,0
1126,88_CIMG3823_1-115-2.JPG,1,0,0,0,0,0,0,0
494,IMG_20190316_085648.jpg,0,1,0,1,0,0,0,0
1451,IMG_3850.JPG,1,0,0,1,0,0,0,0
1598,2012_03_DSC1914_maize_diverse-R-Pn-DK-28.JPG,1,0,0,0,0,0,0,0
1721,2012_03_IMG_6482_maize_diverse JM-R-Pn.JPG,1,0,0,0,0,0,0,0
1408,IMG_3761.JPG,1,0,0,0,0,0,0,0
418,IMG_20190316_091135.jpg,0,0,1,1,0,0,0,0
1680,2012_03_DSC1932_maize_diverse-R-Pn-DK-28.JPG,0,0,0,0,0,1,0,0
1019,232_CIMG3969_1-387-2.JPG,1,0,0,0,0,0,0,1
450,IMG_20190316_091506.jpg,0,1,0,1,0,0,0,0
1330,IMG_3785.JPG,1,0,1,0,0,0,1,0
2170,20200309_093553.jpg,0,0,1,0,0,0,0,0
1306,IMG_3635.JPG,0,1,1,1,0,0,0,0
1397,IMG_3744.JPG,1,0,0,0,0,0,0,0
1043,29_CIMG3764_1-127-2.JPG,1,0,0,0,0,0,0,0
1500,IMG_20190227_113301.jpg,0,1,1,0,0,0,0,0
672,20190313_145823.jpg,1,0,0,0,0,0,0,0
2084,20200309_092848.jpg,1,0,0,0,0,0,0,0
484,IMG_20190316_091729.jpg,0,0,1,1,0,0,0,0
1503,IMG_20190227_113118.jpg,0,1,1,0,0,0,0,0
455,IMG_20190316_091840.jpg,0,0,0,1,0,0,0,0
2024,20200309_093028.jpg,0,0,0,0,0,1,0,0
2090,20200309_103112.jpg,1,0,0,0,0,0,0,0
754,20190313_152638.jpg,1,0,0,0,0,0,1,0
2019,20200309_103035.jpg,0,0,0,0,0,1,0,0
395,IMG_20190316_085559.jpg,0,0,0,1,0,0,0,0
821,IMG_20190316_084324.jpg,0,0,0,1,0,0,0,0
1954,20200309_093439.jpg,1,0,0,0,0,0,0,0
14,2019-03-13--Cedara-(DKB)-DSC_0304.JPG,0,0,0,0,0,0,0,1
2262,20200309_093450(0).jpg,1,0,1,0,0,0,0,0
1582,2012_03_DSC1940_maize_diverse-R-Pn-DK-28.JPG,0,0,0,0,0,0,1,1
1501,IMG_20190227_112725.jpg,0,0,1,0,0,0,0,1
2346,IMG_20200309_105522.jpg,1,0,0,0,0,0,0,0
1542,2012_03_DSC1993_maize_diverse-R-Pn-DK-28.JPG,0,0,0,0,0,0,1,1
720,20190313_144941.jpg,1,0,1,0,0,1,1,0
2269,20200309_093555.jpg,1,0,0,1,0,0,0,0
1576,2012_03_DSC1710_maize_diverse (1)-C-AC-DK-273.JPG,1,0,0,0,0,0,1,0
783,20190313_145945.jpg,1,0,0,0,0,0,1,0
130,2019-03-13--Cedara-(DKB)-DSC_0302.JPG,0,0,0,0,0,0,0,1
1946,20200309_102949.jpg,0,0,0,0,1,0,1,0
1525,2012_03_DSC1889_maize_diverse-R-Pn-DK-28.JPG,1,0,1,0,0,0,0,0
2301,IMG_20200302_111749.jpg,1,1,0,0,0,0,0,0
463,IMG_20190316_084445.jpg,0,0,1,0,0,0,0,0
1400,IMG_3637.JPG,0,0,1,0,0,0,1,0
303,2019-03-13--Cedara-(DKB)-DSC_0022.JPG,0,0,0,0,0,1,0,0
2022,20200309_092600.jpg,0,0,0,0,0,0,0,1
1601,2012_03_DSC1975_maize_diverse-R-Pn-DK-28.JPG,0,0,0,0,0,0,0,1
1818,2012_03_IMG_6490_maize_diverse JM-R-Pn.JPG,0,0,1,0,0,0,1,0
1942,20200309_103352.jpg,0,0,0,0,0,1,0,0
112,2019-03-13--Cedara-(DKB)-DSC_0186.JPG,1,0,1,0,0,0,1,0
1282,IMG_3652.JPG,0,1,0,0,0,0,0,0
981,IMG_20190316_084320.jpg,0,0,0,1,0,0,0,1
629,20190313_122211.jpg,0,0,0,0,0,1,0,0
291,2019-03-13--Cedara-(DKB)-DSC_0175.JPG,0,0,0,0,0,1,0,0
121,2019-03-13--Cedara-(DKB)-DSC_0140.JPG,0,1,0,0,0,0,0,1
1347,IMG_3724.JPG,1,1,0,0,0,0,0,0
824,IMG_20190316_081915.jpg,0,0,1,0,0,0,0,1
1322,IMG_3684.JPG,1,1,0,0,0,0,0,0
339,IMG_20190316_082056.jpg,0,0,1,0,0,0,0,0
858,IMG_20190316_092551.jpg,0,1,0,1,0,0,0,0
348,IMG_20190316_084016.jpg,0,0,0,0,0,1,0,0
1179,213_CIMG3950_1-175-2.JPG,1,0,0,0,0,0,0,0
249,2019-03-13--Cedara-(DKB)-DSC_0253.JPG,0,0,0,0,1,0,1,0
833,IMG_20190316_090212.jpg,0,1,0,1,0,0,0,0
1307,IMG_3677.JPG,1,1,0,0,0,0,0,0
1533,2012_03_DSC1953_maize_diverse-R-Pn-DK-28.JPG,1,0,0,0,0,0,0,0
1983,20200309_092727.jpg,0,0,0,0,0,0,0,1
189,2019-03-13--Cedara-(DKB)-DSC_0044.JPG,1,0,0,0,0,0,0,0
200,2019-03-13--Cedara-(DKB)-DSC_0189.JPG,0,0,0,0,0,1,0,0
747,20190313_142054.jpg,0,0,0,0,0,1,1,0
1398,IMG_3654.JPG,0,0,1,0,0,0,1,0
634,20190313_115020.jpg,1,0,0,0,0,0,0,0
2178,20200309_091001.jpg,1,0,0,0,0,0,0,1
1020,226_CIMG3963_1-153-2.JPG,1,0,0,0,0,0,0,0
2268,20200309_090833.jpg,0,0,1,0,0,0,0,0
922,IMG_20190316_090714.jpg,0,1,1,0,0,0,0,1
684,20190313_153626.jpg,0,0,0,0,0,1,1,0
1944,20200309_093104.jpg,1,0,0,0,0,0,1,1
2344,IMG_20200226_083655.jpg,1,0,0,0,0,0,0,0
584,20190313_121527.jpg,1,0,0,0,0,0,0,0
1971,20200309_090710.jpg,0,0,0,0,0,1,0,0
87,2019-03-13--Cedara-(DKB)-DSC_0073.JPG,1,0,0,0,0,0,0,0
1269,IMG_3843.JPG,0,1,0,0,0,0,0,0
540,20190313_122156.jpg,1,0,0,0,0,0,0,0
307,2019-03-13--Cedara-(DKB)-DSC_0237.JPG,0,0,0,1,0,0,0,0
1175,109_CIMG3845_1-156-2.JPG,1,0,0,0,0,0,0,0
467,IMG_20190316_083337.jpg,0,1,1,0,0,0,0,0
441,IMG_20190316_081148.jpg,0,0,1,0,0,0,0,0
183,2019-03-13--Cedara-(DKB)-DSC_0116.JPG,0,0,0,0,0,1,0,0
1840,2012_03_IMG_6568_maize_diverse JM-R-Pn.JPG,0,0,1,0,0,0,0,0
462,IMG_20190316_082957.jpg,0,0,1,0,0,0,0,0
1091,216_CIMG3953_1-298-2.JPG,1,0,0,0,0,0,0,1
8,2019-03-13--Cedara-(DKB)-DSC_0205.JPG,0,0,0,1,0,0,0,0
1622,2012_03_DSC1908_maize_diverse-R-Pn-DK-28.JPG,0,0,0,0,0,0,0,1
2361,IMG_20200302_112004.jpg,0,0,0,0,0,0,0,1
693,20190313_121258.jpg,0,0,0,0,0,1,1,0
2345,IMG_20200226_084654.jpg,1,0,0,0,0,0,0,0
1156,112_CIMG3848_1-203-1.JPG,1,0,0,0,0,0,0,0
865,IMG_20190316_090538.jpg,0,0,0,0,0,0,0,1
1018,89_CIMG3824_1-57-1.JPG,1,0,0,0,0,0,0,0
1981,20200309_093108.jpg,0,0,0,0,0,1,0,0
866,IMG_20190316_082454.jpg,0,0,0,0,0,1,0,0
1392,IMG_3870.JPG,0,1,0,0,0,0,0,0
2002,20200309_102137.jpg,1,1,0,0,0,0,0,0
666,20190313_144454.jpg,0,0,0,0,0,1,1,0
72,2019-03-13--Cedara-(DKB)-DSC_0230.JPG,0,0,0,1,0,0,0,0
1797,2012_03_IMG_6417_maize_diverse JM-R-Pn.JPG,1,0,1,0,0,0,0,0
1709,2012_03_IMG_6531_maize_diverse JM-R-Pn.JPG,1,0,1,0,0,0,0,0
1109,69_CIMG3804_1-193-2.JPG,1,0,0,0,0,0,0,0
2013,20200309_090744.jpg,0,0,0,0,0,1,0,0
1635,2012_03_DSC1772_maize_diverse-C-AC-DK-273.JPG,0,0,0,0,0,0,0,1
1250,IMG_3619.JPG,0,0,1,0,0,0,0,0
1481,IMG_20190227_113220.jpg,0,1,1,0,0,0,0,0
2313,IMG_20200226_084057.jpg,1,0,0,0,0,0,0,0
1279,IMG_3799.JPG,0,1,0,0,0,0,1,0
1787,2012_03_IMG_6465_maize_diverse JM-R-Pn.JPG,0,0,0,0,0,0,1,0
1070,30_CIMG3765_1-207-1.JPG,1,0,0,0,0,0,0,0
1909,2012_03_IMG_6290_maize_diverse JM-C-Ac.JPG,0,0,0,0,0,0,0,1
33,2019-03-13--Cedara-(DKB)-DSC_0288.JPG,1,0,0,0,0,0,0,0
694,20190313_153357.jpg,0,0,0,1,0,0,0,0
1914,2012_03_IMG_6365_maize_diverse JM (1)-C-Ac.JPG,1,0,0,0,0,0,0,0
716,20190313_153544.jpg,0,0,0,0,0,0,1,0
1773,2012_03_IMG_6473_maize_diverse JM-R-Pn.JPG,1,0,0,0,0,0,0,0
746,20190313_111842.jpg,0,0,1,0,0,0,0,0
1671,2012_03_DSC2001_maize_diverse-R-Pn-DK-28.JPG,1,0,0,0,0,0,0,0
1720,2012_03_IMG_6507_maize_diverse JM-R-Pn.JPG,1,0,1,0,0,0,0,0
2036,20200309_102014.jpg,0,0,0,0,0,0,1,0
793,IMG_20190316_082814.jpg,0,0,1,0,0,0,0,0
2095,20200309_093615.jpg,0,0,0,1,0,0,0,1
88,2019-03-13--Cedara-(DKB)-DSC_0182.JPG,0,1,1,0,0,0,0,0
2323,IMG_20200129_103643.jpg,0,0,0,0,0,1,0,0
1325,IMG_3676.JPG,1,1,0,0,0,0,0,0
633,20190313_120352.jpg,0,0,0,0,0,1,0,0
961,IMG_20190316_081817.jpg,0,1,1,0,0,0,1,0
282,2019-03-13--Cedara-(DKB)-DSC_0026.JPG,0,0,1,0,0,0,1,0
1938,20200309_092821.jpg,1,0,0,0,0,0,0,0
1082,228_CIMG3965_1-333-2.JPG,1,0,0,0,0,0,0,0
2034,20200309_093815.jpg,0,0,0,0,0,0,1,1
398,IMG_20190316_091030.jpg,0,1,0,1,0,0,0,0
1717,2012_03_IMG_6293_maize_diverse JM (1)-C-Ac.JPG,1,0,0,0,0,0,0,0
210,2019-03-13--Cedara-(DKB)-DSC_0161.JPG,0,1,0,0,0,0,0,0
1904,2012_03_IMG_6553_maize_diverse JM-R-Pn.JPG,1,0,0,0,0,0,0,0
1544,2012_03_DSC1783_maize_diverse-C-AC-DK-273.JPG,1,0,0,0,0,0,1,0
1741,2012_03_IMG_6268_maize_diverse JM-C-Ac.JPG,1,0,0,0,0,0,0,0
1102,178_CIMG3914_1-320-2.JPG,1,0,0,0,0,0,0,0
2065,20200309_101844.jpg,1,1,0,0,0,0,0,0
2371,IMG_20200302_131328.jpg,1,0,0,0,0,0,0,0
1028,218_CIMG3955_1-382-2.JPG,1,0,0,0,0,0,0,0
719,20190313_144700.jpg,0,0,1,0,0,0,1,0
422,IMG_20190316_074142.jpg,0,1,0,0,0,0,0,0
929,IMG_20190316_091024.jpg,0,1,0,0,0,0,0,0
1966,20200309_092717.jpg,1,0,1,0,0,0,0,0
789,IMG_20190316_085223.jpg,0,0,1,0,0,0,0,0
1,2019-03-13--Cedara-(DKB)-DSC_0086.JPG,0,0,0,0,0,0,0,1
738,20190313_142507.jpg,0,0,0,0,0,0,0,1
385,IMG_20190316_084722.jpg,0,0,1,1,0,0,0,0
1625,2012_03_DSC1744_maize_diverse-C-AC-DK-273.JPG,0,0,0,0,0,1,0,0
380,IMG_20190316_085335.jpg,0,0,1,1,0,0,0,0
323,IMG_20190316_091951.jpg,0,0,0,1,0,0,0,0
11,2019-03-13--Cedara-(DKB)-DSC_0283.JPG,0,0,0,0,0,0,0,1
685,20190313_142616.jpg,0,1,0,0,0,0,0,0
2143,20200309_092059.jpg,0,0,0,1,0,0,0,0
2042,20200309_090635.jpg,1,0,0,0,0,0,0,1
546,20190313_152324.jpg,1,1,0,0,0,0,0,1
1659,2012_03_DSC1981_maize_diverse (1)-R-Pn-DK-28.JPG,1,0,1,0,0,0,0,0
1551,2012_03_DSC1922_maize_diverse-R-Pn-DK-28.JPG,1,0,0,0,0,0,0,0
1512,IMG_20190227_113349.jpg,0,1,1,0,0,0,1,0
1969,20200309_103041.jpg,0,0,0,0,0,1,1,0
1428,IMG_3797.JPG,0,1,0,0,0,0,1,0
252,2019-03-13--Cedara-(DKB)-DSC_0276.JPG,1,1,1,0,0,0,0,0
70,2019-03-13--Cedara-(DKB)-DSC_0138.JPG,0,0,0,0,0,1,0,0
468,IMG_20190316_083557.jpg,0,0,1,0,0,0,0,0
1688,2012_03_DSC1917_maize_diverse-R-Pn-DK-28.JPG,0,0,0,0,0,0,0,1
1628,2012_03_DSC1903_maize_diverse-R-Pn-DK-28.JPG,0,0,1,0,0,0,0,1
817,IMG_20190316_085556.jpg,0,0,0,1,0,0,0,0
1220,110_CIMG3846_1-109-1.JPG,1,1,0,0,0,0,0,0
78,2019-03-13--Cedara-(DKB)-DSC_0263.JPG,0,0,0,0,0,1,0,0
1121,45_CIMG3780_1-327-1.JPG,0,0,0,0,0,0,0,1
1677,2012_03_DSC1731_maize_diverse-C-AC-DK-273.JPG,1,0,1,0,0,0,0,0
963,IMG_20190316_091348.jpg,0,1,0,0,0,0,0,0
1478,IMG_20190227_113409.jpg,1,1,1,0,0,0,0,0
124,2019-03-13--Cedara-(DKB)-DSC_0267.JPG,1,0,0,0,0,0,0,0
1530,2012_03_DSC1728_maize_diverse-C-AC-DK-273.JPG,1,0,0,0,0,0,1,0
237,2019-03-13--Cedara-(DKB)-DSC_0206.JPG,1,0,0,0,0,0,0,0
1120,224_CIMG3961_1-153-2.JPG,1,0,0,0,0,0,0,0
1623,2012_03_DSC1902_maize_diverse-R-Pn-DK-28.JPG,0,0,0,0,0,0,0,1
101,2019-03-13--Cedara-(DKB)-DSC_0015.JPG,0,0,0,0,0,0,0,1
1998,20200309_101731.jpg,0,1,0,0,0,0,0,0
370,IMG_20190316_090713.jpg,0,0,1,1,0,0,0,0
1808,2012_03_IMG_6479_maize_diverse JM-R-Pn.JPG,1,0,0,0,0,0,0,0
1210,225_CIMG3962_1-153-2.JPG,1,0,0,0,0,0,0,0
1213,19_CIMG3753_1-383-1.JPG,1,0,0,0,0,0,0,0
1902,2012_03_IMG_6440_maize_diverse JM-R-Pn.JPG,0,0,0,0,0,0,0,1
1178,96_CIMG3831_1-366-1.JPG,0,0,0,0,0,0,0,1
188,2019-03-13--Cedara-(DKB)-DSC_0085.JPG,0,0,0,0,0,1,0,0
2159,20200309_102130.jpg,1,1,0,0,0,0,0,0
2128,20200309_091921.jpg,0,1,0,0,0,0,0,0
1556,2012_03_DSC1913_maize_diverse-R-Pn-DK-28.JPG,0,0,1,0,0,0,0,0
707,20190313_142755.jpg,1,0,0,0,0,0,0,0
2260,20200309_093527.jpg,0,0,0,0,0,1,0,0
474,IMG_20190316_075554.jpg,0,1,1,0,0,0,0,0
145,2019-03-13--Cedara-(DKB)-DSC_0076.JPG,1,1,0,0,0,0,0,0
215,2019-03-13--Cedara-(DKB)-DSC_0208.JPG,0,0,0,0,1,0,0,0
1169,67_CIMG3802_1-160-2.JPG,1,0,0,0,0,0,0,0
1744,2012_03_IMG_6500_maize_diverse JM-R-Pn.JPG,1,0,0,0,0,0,0,0
218,2019-03-13--Cedara-(DKB)-DSC_0314.JPG,0,0,0,1,0,0,0,0
1700,2012_03_IMG_6398_maize_diverse JM-C-Ac.JPG,0,0,0,0,0,0,0,1
401,IMG_20190316_090430.jpg,0,0,0,0,0,1,0,0
477,IMG_20190316_090008.jpg,0,0,1,0,0,0,0,0
9,2019-03-13--Cedara-(DKB)-DSC_0007.JPG,0,0,1,1,0,0,0,0
1013,103_CIMG3838_1-43-1.JPG,1,0,0,0,0,0,0,0
2098,20200309_092530.jpg,0,0,0,0,0,1,0,0
1711,2012_03_IMG_6352_maize_diverse JM-C-Ac.JPG,1,0,0,0,0,0,0,0
741,20190313_143452.jpg,1,0,0,0,0,0,0,0
1141,105_CIMG3840_1-140-1.JPG,1,0,0,0,0,0,0,0
901,IMG_20190316_090225.jpg,0,0,0,1,0,0,0,0
1492,IMG_20190227_113224.jpg,1,1,0,0,0,0,0,1
1775,2012_03_IMG_6463_maize_diverse JM-R-Pn.JPG,1,0,1,0,0,0,0,0
1597,2012_03_DSC1686_maize_diverse-C-AC-DK-273.JPG,1,0,0,0,0,0,0,0
1308,IMG_3735.JPG,1,0,0,0,0,0,0,0
1864,2012_03_IMG_6456_maize_diverse JM-R-Pn.JPG,1,1,1,0,0,0,0,0
1664,2012_03_DSC1708_maize_diverse-C-AC-DK-273.JPG,0,0,0,0,0,0,0,1
41,2019-03-13--Cedara-(DKB)-DSC_0264.JPG,0,0,0,0,0,1,1,0
405,IMG_20190316_084057.jpg,0,0,0,0,0,0,0,1
1342,IMG_3846.JPG,0,0,0,0,0,1,0,0
459,IMG_20190316_091204.jpg,0,1,1,0,0,0,0,0
475,IMG_20190316_083231.jpg,0,0,0,0,0,0,0,1
246,2019-03-13--Cedara-(DKB)-DSC_0204.JPG,0,0,0,0,0,0,1,0
1967,20200309_092621.jpg,1,0,0,0,0,0,0,0
2254,20200309_090326.jpg,1,0,0,0,0,0,1,0
316,IMG_20190316_085540.jpg,0,0,1,1,0,0,0,0
1561,2012_03_DSC1754_maize_diverse-C-AC-DK-273.JPG,1,1,0,0,0,0,0,0
125,2019-03-13--Cedara-(DKB)-DSC_0023.JPG,0,0,0,0,0,1,0,0
2245,20200309_090750.jpg,1,0,0,0,0,0,0,0
2266,20200309_103304.jpg,0,0,0,0,0,1,0,1
1479,IMG_20190227_113106.jpg,0,1,0,0,0,0,1,1
1657,2012_03_DSC1893_maize_diverse-R-Pn-DK-28.JPG,0,0,0,0,0,1,0,0
732,20190313_143326.jpg,0,1,0,0,0,0,1,0
397,IMG_20190316_091803.jpg,0,0,0,1,0,0,0,0
85,2019-03-13--Cedara-(DKB)-DSC_0053.JPG,1,0,0,0,0,0,0,0
2122,20200309_092843.jpg,0,0,1,0,0,0,0,0
1708,2012_03_IMG_6296_maize_diverse JM-C-Ac.JPG,0,0,0,0,0,1,0,0
1715,2012_03_IMG_6527_maize_diverse JM-R-Pn.JPG,1,0,1,0,0,0,0,0
2312,IMG_20200309_105536.jpg,1,0,0,0,0,0,0,0
1962,20200309_092905.jpg,1,0,1,0,0,0,0,0
1792,2012_03_IMG_6563_maize_diverse JM-R-Pn.JPG,0,0,0,0,0,0,1,1
333,IMG_20190316_090353.jpg,0,0,0,0,0,1,0,0
562,20190313_152620.jpg,0,1,0,0,0,0,0,0
1222,99_CIMG3834_1-135-1.JPG,1,0,0,0,0,0,0,0
421,IMG_20190316_083118.jpg,0,0,1,0,0,0,0,0
1224,IMG_3855.JPG,0,1,1,0,0,0,0,0
2362,IMG_20200226_084321.jpg,0,1,0,0,0,0,0,0
490,IMG_20190316_081718.jpg,0,1,1,1,0,0,0,0
1182,15_CIMG3749_1-330-1.JPG,1,0,0,0,0,0,0,0
2014,20200309_090624.jpg,1,0,0,0,0,0,0,0
1108,121_CIMG3857_1-19-1.JPG,1,0,0,0,0,0,0,0
674,20190313_115307.jpg,1,0,0,0,0,0,0,0
1048,22_CIMG3756_1-361-1.JPG,0,0,0,0,0,0,0,1
1849,2012_03_IMG_6447_maize_diverse JM-R-Pn.JPG,1,0,0,0,0,0,0,1
292,2019-03-13--Cedara-(DKB)-DSC_0173.JPG,0,0,0,0,0,0,1,0
934,IMG_20190316_094039.jpg,0,0,0,1,0,0,0,0
1086,177_CIMG3913_1-320-1.JPG,1,1,0,0,0,0,0,0
608,20190313_120645.jpg,1,0,0,0,0,0,0,0
870,IMG_20190316_091905.jpg,0,0,0,1,0,0,1,0
846,IMG_20190316_090341.jpg,0,0,0,0,0,1,1,0
1940,20200309_103348.jpg,0,0,0,0,0,1,0,0
426,IMG_20190316_074307.jpg,0,1,0,0,1,0,0,0
1862,2012_03_IMG_6374_maize_diverse JM-C-Ac.JPG,0,0,0,0,0,0,0,1
2020,20200309_093122.jpg,0,0,0,0,0,0,1,0
2204,20200309_103531.jpg,1,0,0,0,0,0,0,0
849,IMG_20190316_092707.jpg,0,1,0,1,0,0,0,0
959,IMG_20190316_092523.jpg,0,1,0,0,0,0,0,0
2297,IMG_20200302_131339.jpg,1,0,0,0,0,0,0,0
1534,2012_03_DSC1965_maize_diverse-R-Pn-DK-28.JPG,1,0,0,0,0,0,1,0
127,2019-03-13--Cedara-(DKB)-DSC_0111.JPG,1,0,0,0,0,0,0,0
466,IMG_20190316_085358.jpg,0,0,0,1,0,0,0,0
1425,IMG_3697.JPG,1,1,0,0,0,0,0,0
1465,IMG_3701.JPG,1,0,0,0,0,0,1,0
446,IMG_20190316_093851.jpg,0,0,0,1,0,0,0,0
537,20190313_143051.jpg,1,0,0,0,0,0,0,0
869,IMG_20190316_091514.jpg,0,1,0,1,0,0,0,0
432,IMG_20190316_074415.jpg,0,0,1,0,0,0,0,0
17,2019-03-13--Cedara-(DKB)-DSC_0027.JPG,1,0,1,0,0,0,0,1
1540,2012_03_DSC1968_maize_diverse (1)-R-Pn-DK-28.JPG,0,0,0,0,0,0,0,1
2071,20200309_093014.jpg,1,0,0,0,0,0,0,0
588,20190313_115603.jpg,1,0,0,0,0,0,0,0
1074,16_CIMG3750_1-330-2.JPG,1,0,0,0,0,0,0,0
1010,124_CIMG3860_1-379-2.JPG,1,0,0,0,0,0,0,0
2103,20200309_090828.jpg,0,0,1,0,0,0,0,0
1783,2012_03_IMG_6430_maize_diverse JM-R-Pn.JPG,1,0,0,0,0,0,0,0
132,2019-03-13--Cedara-(DKB)-DSC_0087.JPG,0,0,0,0,0,1,0,0
1174,14_CIMG3748_1-31-2.JPG,1,0,0,0,0,0,0,0
1875,2012_03_IMG_6582_maize_diverse JM-R-Pn.JPG,1,0,0,0,0,0,0,0
1684,2012_03_DSC1793_maize_diverse-C-AC-DK-273.JPG,1,0,0,0,0,0,0,0
275,2019-03-13--Cedara-(DKB)-DSC_0080.JPG,0,0,0,0,0,1,0,0
383,IMG_20190316_094001.jpg,0,0,1,1,1,0,0,0
1878,2012_03_IMG_6565_maize_diverse JM-R-Pn.JPG,0,0,0,0,0,0,0,1
1170,106_CIMG3842_1-315-1.JPG,1,0,0,0,0,0,0,0
717,20190313_122105.jpg,1,0,0,0,0,0,1,0
173,2019-03-13--Cedara-(DKB)-DSC_0165.JPG,1,0,0,0,0,0,1,0
1227,IMG_3721.JPG,1,1,0,0,0,0,0,0
1665,2012_03_DSC1926_maize_diverse-R-Pn-DK-28.JPG,1,0,0,0,0,0,0,0
1049,142_CIMG3878_1-125-1.JPG,1,0,0,0,0,0,0,0
1965,20200309_093424.jpg,0,0,0,1,0,1,0,0
1072,194_CIMG3930_1-144-2.JPG,1,0,0,0,0,0,0,0
1687,2012_03_DSC1944_maize_diverse-R-Pn-DK-28.JPG,0,0,0,0,0,0,0,1
1294,IMG_3752.JPG,0,0,0,0,0,1,0,0
1569,2012_03_DSC1702_maize_diverse-C-AC-DK-273.JPG,1,0,0,0,0,0,1,0
1119,87_CIMG3822_1-115-1.JPG,1,0,0,0,0,0,0,0
1355,IMG_3829.JPG,1,1,0,0,0,0,0,0
874,IMG_20190316_081754.jpg,0,1,0,0,0,0,0,0
797,IMG_20190316_085239.jpg,0,1,0,1,0,0,0,0
136,2019-03-13--Cedara-(DKB)-DSC_0155.JPG,0,0,0,0,0,1,0,0
1271,IMG_3773.JPG,1,0,0,0,0,0,0,0
483,IMG_20190316_090754.jpg,0,0,0,1,0,0,0,0
1997,20200309_102742.jpg,1,1,1,0,0,0,0,0
2221,20200309_093110.jpg,1,0,0,0,0,1,0,0
1631,2012_03_DSC1938_maize_diverse-R-Pn-DK-28.JPG,1,0,1,0,0,0,0,0
1714,2012_03_IMG_6427_maize_diverse JM-R-Pn.JPG,1,0,0,0,0,0,0,0
1546,2012_03_DSC1694_maize_diverse-C-AC-DK-273.JPG,1,0,0,0,0,0,1,0
105,2019-03-13--Cedara-(DKB)-DSC_0006.JPG,0,0,1,0,0,0,0,0
1934,20200309_092859.jpg,1,0,0,0,0,0,0,0
740,20190313_153334.jpg,1,1,1,0,0,0,0,0
1928,2012_03_IMG_6443_maize_diverse JM-R-Pn.JPG,0,0,0,0,0,0,0,1
2337,IMG_20200302_112203.jpg,1,1,0,0,0,0,0,0
1751,2012_03_IMG_6538_maize_diverse JM-R-Pn.JPG,0,0,0,0,0,1,0,0
461,IMG_20190316_081854.jpg,0,1,0,1,0,0,0,0
499,IMG_20190316_092252.jpg,0,1,1,1,0,0,0,0
530,20190313_152759.jpg,0,0,0,0,0,1,0,0
1378,IMG_3746.JPG,1,0,0,0,0,0,1,0
983,IMG_20190316_085329.jpg,0,0,0,1,0,0,0,1
1047,154_CIMG3890_1-318-2.JPG,1,0,0,0,0,0,0,0
1972,20200309_093007(0).jpg,0,0,0,0,0,1,0,0
995,181_CIMG3917_1-68-1.JPG,1,0,0,0,0,0,0,0
61,2019-03-13--Cedara-(DKB)-DSC_0028.JPG,0,0,0,0,0,1,0,0
391,IMG_20190316_084349.jpg,0,1,0,0,0,0,0,0
2208,20200309_093451.jpg,1,0,0,0,0,0,0,0
1586,2012_03_DSC1760_maize_diverse-C-AC-DK-273.JPG,1,0,0,0,0,0,0,0
472,IMG_20190316_082941.jpg,0,0,1,0,0,0,0,0
1643,2012_03_DSC1960_maize_diverse-R-Pn-DK-28.JPG,0,0,0,0,0,0,0,1
2306,IMG_20200309_103800.jpg,1,1,0,0,0,0,0,0
599,20190313_145658.jpg,0,0,0,0,1,0,1,0
327,IMG_20190316_090227.jpg,0,0,1,0,0,0,0,0
293,2019-03-13--Cedara-(DKB)-DSC_0209.JPG,0,0,0,1,0,0,0,0
583,20190313_112154.jpg,0,0,0,0,0,1,0,0
820,IMG_20190316_092953.jpg,0,0,0,1,0,0,0,0
1058,198_CIMG3934_1-33-2.JPG,1,0,0,0,0,0,0,0
1171,138_CIMG3874_1-187-1.JPG,1,0,0,0,0,0,0,0
1063,212_CIMG3949_1-175-1.JPG,1,0,0,0,0,0,0,0
1155,78_CIMG3813_1-381-1.JPG,1,0,0,0,0,0,0,0
512,IMG_20190316_080709.jpg,0,0,0,1,0,0,0,0
1180,147_CIMG3883_1-107-2.JPG,1,0,0,0,0,0,0,0
1697,2012_03_IMG_6460_maize_diverse JM-R-Pn.JPG,1,0,0,0,0,0,0,0
1143,161_CIMG3897_1-354-1.JPG,1,0,0,0,0,0,0,0
366,IMG_20190316_084323.jpg,0,1,0,1,0,0,0,0
2026,20200309_093014(0).jpg,1,0,0,0,0,0,0,0
887,IMG_20190316_085630.jpg,1,1,0,1,0,0,0,1
597,20190313_152703.jpg,1,0,0,0,0,0,1,0
1000,57_CIMG3792_1-390-2.JPG,1,1,0,0,0,0,0,0
1116,223_CIMG3960_1-153-1.JPG,1,0,0,0,0,0,0,0
179,2019-03-13--Cedara-(DKB)-DSC_0265.JPG,0,0,0,0,0,1,0,0
299,2019-03-13--Cedara-(DKB)-DSC_0158.JPG,1,0,0,0,0,0,0,0
1135,219_CIMG3956_1-317-1.JPG,1,0,0,0,0,0,0,0
1218,172_CIMG3908_1-220-1.JPG,1,0,0,0,0,0,0,0
1988,20200309_092534.jpg,0,0,0,0,0,0,0,1
21,2019-03-13--Cedara-(DKB)-DSC_0120.JPG,1,0,0,0,0,0,0,0
1873,2012_03_IMG_6454_maize_diverse JM-R-Pn.JPG,0,0,0,0,0,1,0,0
1351,IMG_3690.JPG,0,1,0,0,0,0,0,0
507,IMG_20190316_084648.jpg,0,0,0,1,0,0,0,0
1331,IMG_3653.JPG,0,1,0,0,0,0,0,0
1993,20200309_093409.jpg,1,0,0,0,0,0,0,0
1195,39_CIMG3774_1-362-2.JPG,1,1,0,0,0,0,0,0
1552,2012_03_DSC1716_maize_diverse-C-AC-DK-273.JPG,1,0,0,0,0,0,0,0
639,20190313_143011.jpg,0,1,0,0,0,0,1,0
1814,2012_03_IMG_6323_maize_diverse JM-C-Ac.JPG,1,0,0,0,0,0,0,0
987,IMG_20190316_084031.jpg,1,0,0,0,0,0,0,0
55,2019-03-13--Cedara-(DKB)-DSC_0220.JPG,0,0,0,1,0,0,0,0
641,20190313_144235.jpg,0,0,0,0,0,1,1,0
319,IMG_20190316_092751.jpg,0,1,0,1,0,0,0,0
1027,186_CIMG3922_1-194-1.JPG,1,0,0,0,0,0,0,0
2077,20200309_092203.jpg,1,0,0,0,0,0,0,0
44,2019-03-13--Cedara-(DKB)-DSC_0167.JPG,0,0,1,1,0,0,0,0
6,2019-03-13--Cedara-(DKB)-DSC_0099.JPG,0,0,1,0,0,0,0,1
962,IMG_20190316_082126.jpg,0,0,1,0,0,0,1,1
859,IMG_20190316_085214.jpg,0,0,1,0,0,0,0,0
1030,190_CIMG3926_1-400-2.JPG,1,0,0,0,0,0,0,0
1736,2012_03_IMG_6308_maize_diverse JM-C-Ac.JPG,0,0,0,0,0,0,1,0
1215,167_CIMG3903.JPG,0,0,0,0,0,0,1,0
1725,2012_03_IMG_6506_maize_diverse JM-R-Pn.JPG,1,0,0,0,0,0,0,0
373,IMG_20190316_091823.jpg,0,0,0,1,0,0,0,0
2031,20200309_093641.jpg,0,0,0,0,0,1,0,0
760,20190313_114901.jpg,1,0,0,0,0,0,0,0
50,2019-03-13--Cedara-(DKB)-DSC_0284.JPG,0,0,0,0,0,0,1,0
653,20190313_142848.jpg,1,0,1,0,1,0,0,0
2343,IMG_20200226_084125.jpg,1,0,0,0,0,0,0,0
2253,20200309_093823.jpg,1,0,0,1,0,0,0,0
2239,20200309_093450.jpg,1,0,0,0,0,0,0,0
231,2019-03-13--Cedara-(DKB)-DSC_0124.JPG,1,0,0,0,0,0,0,0
1256,IMG_3659.JPG,1,0,0,0,0,0,0,0
1570,2012_03_DSC1998_maize_diverse-R-Pn-DK-28.JPG,1,0,0,0,0,0,0,1
1566,2012_03_DSC1698_maize_diverse-C-AC-DK-273.JPG,1,0,0,0,0,0,0,1
2186,20200309_103323.jpg,1,0,0,0,0,0,0,0
1681,2012_03_DSC1741_maize_diverse-C-AC-DK-273.JPG,0,0,0,0,0,0,0,1
749,20190313_142935.jpg,0,0,0,0,0,1,1,0
1959,20200309_093508.jpg,1,0,0,0,0,0,0,1
1196,204_CIMG3940_1-230-2.JPG,1,0,0,0,0,0,0,0
1779,2012_03_IMG_6311_maize_diverse JM-C-Ac.JPG,1,0,0,0,0,0,0,0
67,2019-03-13--Cedara-(DKB)-DSC_0035.JPG,0,0,0,1,0,0,0,0
1666,2012_03_DSC1717_maize_diverse-C-AC-DK-273.JPG,1,0,0,0,0,0,0,0
1977,20200309_091521.jpg,0,0,0,0,0,0,0,1
328,IMG_20190316_090019.jpg,0,0,0,0,0,0,0,1
2310,IMG_20200323_103955.jpg,1,0,1,0,0,0,0,0
1002,183_CIMG3919_1-68-2.JPG,1,0,0,0,0,0,0,0
841,IMG_20190316_075124.jpg,0,1,1,0,0,0,0,0
1172,12_CIMG3746_1-31-1.JPG,1,0,0,0,0,0,0,0
2247,20200309_091829.jpg,0,0,0,0,0,0,0,1
2081,20200309_093817.jpg,0,0,0,0,0,1,0,0
1727,2012_03_IMG_6326_maize_diverse JM-C-Ac.JPG,1,0,0,0,0,0,0,0
352,IMG_20190316_075630.jpg,0,1,0,0,0,0,0,0
140,2019-03-13--Cedara-(DKB)-DSC_0078.JPG,0,0,0,0,0,1,0,0
917,IMG_20190316_082542.jpg,0,1,1,0,0,0,0,0
1964,20200309_092928.jpg,0,0,0,0,0,1,0,0
1207,100_CIMG3835_1-135-2.JPG,1,0,0,0,0,0,0,0
923,IMG_20190316_092819.jpg,1,1,0,0,0,0,0,0
1278,IMG_3778.JPG,0,1,0,0,0,0,0,0
1229,IMG_3786.JPG,1,0,0,0,0,0,0,1
344,IMG_20190316_094336.jpg,0,0,0,1,0,0,0,0
1011,174_CIMG3910_1-220-2.JPG,1,0,0,0,0,0,0,1
402,IMG_20190316_081245.jpg,0,0,0,0,1,0,0,0
902,IMG_20190316_084045.jpg,0,0,1,0,0,0,0,0
65,2019-03-13--Cedara-(DKB)-DSC_0038.JPG,0,0,1,0,0,0,0,1
805,IMG_20190316_090426.jpg,0,0,0,1,0,0,0,0
2259,20200309_091505.jpg,1,0,0,0,0,0,0,0
1284,IMG_3718.JPG,0,1,0,0,0,0,0,0
361,IMG_20190316_074732.jpg,0,0,1,0,0,0,0,0
38,2019-03-13--Cedara-(DKB)-DSC_0132.JPG,1,0,0,0,0,0,0,0
443,IMG_20190316_093714.jpg,0,1,0,1,0,0,0,0
799,IMG_20190316_083712.jpg,0,1,0,0,0,0,0,0
1826,2012_03_IMG_6418_maize_diverse JM-R-Pn.JPG,1,0,1,0,0,0,0,0
1996,20200309_092604.jpg,1,0,0,0,0,0,0,0
1806,2012_03_IMG_6271_maize_diverse JM-C-Ac.JPG,1,0,0,0,0,0,1,0
1563,2012_03_DSC1992_maize_diverse-R-Pn-DK-28.JPG,0,0,0,0,0,0,1,0
878,IMG_20190316_085003.jpg,0,1,0,1,0,0,0,0
993,IMG_20190316_090810.jpg,0,0,0,1,0,0,0,0
1093,192_CIMG3928_1-116-2.JPG,1,0,0,0,0,0,0,0
1958,20200309_103519.jpg,0,0,0,0,0,0,0,1
305,2019-03-13--Cedara-(DKB)-DSC_0050.JPG,1,0,0,0,0,0,0,0
806,IMG_20190316_085331.jpg,1,0,0,1,0,1,0,0
18,2019-03-13--Cedara-(DKB)-DSC_0188.JPG,0,0,0,0,0,0,0,1
678,20190313_115622.jpg,1,0,0,0,0,0,0,0
1001,156_CIMG3892_1-59-2.JPG,1,0,0,0,0,0,0,0
526,20190313_142135.jpg,1,0,0,0,0,0,1,0
111,2019-03-13--Cedara-(DKB)-DSC_0214.JPG,0,0,0,1,0,0,0,0
855,IMG_20190316_091421.jpg,0,1,0,1,0,0,0,0
519,20190313_121237.jpg,0,0,0,0,0,1,0,0
1131,95_CIMG3830_1-268-2.JPG,1,0,0,0,0,0,0,0
1162,230_CIMG3967_1-387-2.JPG,0,0,0,0,0,0,0,1
1277,IMG_3763.JPG,1,0,0,0,0,0,0,0
1638,2012_03_DSC1978_maize_diverse-R-Pn-DK-28.JPG,1,0,0,0,0,0,0,0
2057,20200309_090434.jpg,0,0,1,0,0,0,0,0
1463,IMG_3827.JPG,1,1,0,0,0,0,0,0
2319,IMG_20200129_103646.jpg,0,1,0,0,0,0,0,0
1995,20200309_092636.jpg,0,0,0,0,0,1,0,0
542,20190313_121855.jpg,0,0,0,0,0,1,0,0
709,20190313_121333.jpg,1,0,0,0,0,0,0,0
1956,20200309_093410.jpg,1,0,0,0,0,0,0,0
891,IMG_20190316_082812.jpg,0,0,0,1,0,0,0,1
1104,108_CIMG3844_1-156-1.JPG,1,0,0,0,0,0,0,0
1793,2012_03_IMG_6327_maize_diverse JM-C-Ac.JPG,1,0,0,0,0,0,0,0
53,2019-03-13--Cedara-(DKB)-DSC_0070.JPG,1,0,0,0,0,0,0,0
1532,2012_03_DSC1725_maize_diverse (1)-C-AC-DK-273.JPG,1,0,0,0,0,0,1,0
27,2019-03-13--Cedara-(DKB)-DSC_0248.JPG,0,0,0,0,0,1,0,0
416,IMG_20190316_091718.jpg,0,1,0,1,0,0,0,0
1651,2012_03_DSC1999_maize_diverse-R-Pn-DK-28.JPG,0,0,0,0,0,0,0,1
828,IMG_20190316_085714.jpg,0,1,0,1,0,0,0,0
2324,IMG_20200226_083810.jpg,1,0,0,0,0,0,0,0
321,IMG_20190316_090315.jpg,0,1,0,0,0,0,0,0
90,2019-03-13--Cedara-(DKB)-DSC_0274.JPG,0,1,0,0,0,0,0,0
54,2019-03-13--Cedara-(DKB)-DSC_0290.JPG,1,0,0,0,0,0,0,0
48,2019-03-13--Cedara-(DKB)-DSC_0113.JPG,0,1,0,0,0,0,0,1
941,IMG_20190316_074745.jpg,0,0,0,1,1,0,0,0
1838,2012_03_IMG_6343_maize_diverse JM-C-Ac.JPG,1,0,1,0,0,0,0,0
857,IMG_20190316_092656.jpg,0,1,1,0,0,0,0,0
554,20190313_114428.jpg,1,0,0,0,0,0,0,0
1270,IMG_3854.JPG,0,1,1,0,0,0,0,0
1453,IMG_3627.JPG,1,0,0,0,0,0,0,0
1824,2012_03_IMG_6395_maize_diverse JM-C-Ac.JPG,1,0,0,0,0,0,0,0
243,2019-03-13--Cedara-(DKB)-DSC_0101.JPG,1,0,0,0,0,0,0,0
1193,136_CIMG3872_1-319-1.JPG,1,0,0,0,0,0,0,0
166,2019-03-13--Cedara-(DKB)-DSC_0234.JPG,1,0,0,0,1,0,1,0
68,2019-03-13--Cedara-(DKB)-DSC_0093.JPG,1,1,0,0,0,0,1,0
1916,2012_03_IMG_6452_maize_diverse JM-R-Pn.JPG,0,0,0,0,0,0,0,1
757,20190313_111743.jpg,0,0,1,0,0,0,0,0
715,20190313_143118.jpg,1,1,0,0,0,0,0,0
29,2019-03-13--Cedara-(DKB)-DSC_0059.JPG,1,0,0,0,0,0,0,0
1482,IMG_20190227_112840.jpg,1,1,0,0,0,0,1,0
904,IMG_20190316_092837.jpg,0,1,0,1,0,0,0,0
725,20190313_144656.jpg,0,0,1,0,0,0,1,0
1386,IMG_3830.JPG,1,0,0,0,0,0,0,0
1396,IMG_3702.JPG,0,1,0,0,0,0,0,0
1596,2012_03_DSC1978_maize_diverse (1)-R-Pn-DK-28.JPG,1,0,0,0,0,0,0,0
35,2019-03-13--Cedara-(DKB)-DSC_0029.JPG,0,1,1,0,0,0,0,0
565,20190313_153409.jpg,0,0,0,0,0,0,1,0
2189,20200309_092946.jpg,0,0,0,0,0,1,0,0
1562,2012_03_DSC1956_maize_diverse-R-Pn-DK-28.JPG,0,1,0,0,0,0,0,0
1300,IMG_3636.JPG,0,1,1,0,0,0,0,0
198,2019-03-13--Cedara-(DKB)-DSC_0145.JPG,1,1,0,0,0,0,0,0
129,2019-03-13--Cedara-(DKB)-DSC_0097.JPG,0,0,1,0,0,0,0,0
733,20190313_143854.jpg,0,0,0,0,0,1,1,0
1401,IMG_3706.JPG,1,0,0,0,0,0,1,0
1383,IMG_3639.JPG,0,0,1,1,0,0,0,0
1850,2012_03_IMG_6356_maize_diverse JM-C-Ac.JPG,0,0,0,0,0,0,0,1
2181,20200309_092553.jpg,0,0,1,0,0,0,0,1
2116,20200309_103113.jpg,0,0,1,0,0,0,0,0
2238,20200309_102251.jpg,1,1,0,0,0,0,0,0
552,20190313_145643.jpg,1,0,0,0,1,0,0,0
513,IMG_20190316_084322.jpg,0,1,0,1,0,0,0,0
844,IMG_20190316_084417.jpg,0,0,0,1,0,0,0,0
2041,20200309_093738.jpg,0,0,0,0,0,0,1,0
322,IMG_20190316_084913.jpg,0,0,0,1,0,0,0,0
774,20190313_142924.jpg,0,1,1,0,0,0,0,0
2145,20200309_092939.jpg,0,0,0,0,0,1,0,0
2070,20200309_092618.jpg,0,0,0,0,0,1,0,0
659,20190313_152737.jpg,0,1,0,0,0,0,0,0
471,IMG_20190316_075101.jpg,0,1,0,1,0,0,0,0
381,IMG_20190316_085205.jpg,0,0,1,0,0,0,0,0
2136,20200309_090528.jpg,1,0,0,0,0,0,0,0
567,20190313_120402.jpg,0,0,0,0,0,1,0,0
772,20190313_120541.jpg,0,0,0,0,0,1,0,0
2369,IMG_20200226_135220.jpg,1,0,0,0,0,0,0,0
1975,20200309_102123.jpg,0,1,0,0,0,0,0,0
728,20190313_115443.jpg,1,0,0,0,0,0,0,0
144,2019-03-13--Cedara-(DKB)-DSC_0251.JPG,0,0,0,0,0,0,1,0
1112,171_CIMG3907_1-138-2.JPG,1,0,0,0,0,0,0,0
1333,IMG_3860.JPG,0,0,1,0,0,0,0,0
270,2019-03-13--Cedara-(DKB)-DSC_0176.JPG,1,0,0,0,0,0,0,0
2211,20200309_101748.jpg,1,1,0,0,0,0,0,0
57,2019-03-13--Cedara-(DKB)-DSC_0033.JPG,0,0,1,0,0,0,0,0
2281,IMG_20200302_112244.jpg,1,1,0,0,0,0,0,0
2032,20200309_093018.jpg,0,0,0,0,0,1,0,0
1194,151_CIMG3887_1-10-1.JPG,1,0,0,0,0,0,0,0
1181,21_CIMG3755_1-383-2.JPG,1,0,0,0,0,0,0,0
1459,IMG_3825.JPG,1,0,0,0,0,0,0,0
250,2019-03-13--Cedara-(DKB)-DSC_0299.JPG,1,0,1,0,0,0,0,0
122,2019-03-13--Cedara-(DKB)-DSC_0294.JPG,0,0,1,0,0,0,0,0
126,2019-03-13--Cedara-(DKB)-DSC_0185.JPG,1,0,1,0,0,0,0,0
775,20190313_153428.jpg,0,1,0,0,0,0,0,1
2232,20200309_092557.jpg,1,0,0,0,0,0,0,0
465,IMG_20190316_084009.jpg,0,0,0,0,0,0,0,1
662,20190313_112908.jpg,0,0,0,0,0,1,1,0
1828,2012_03_IMG_6399_maize_diverse JM-C-Ac.JPG,0,0,0,0,0,0,0,1
2316,IMG_20200309_104024.jpg,1,0,0,0,0,0,0,0
1616,2012_03_DSC1941_maize_diverse-R-Pn-DK-28.JPG,0,0,0,0,0,0,0,1
1567,2012_03_DSC1995_maize_diverse-R-Pn-DK-28.JPG,1,0,0,0,0,0,0,1
1448,IMG_3695.JPG,1,0,0,0,0,0,0,0
752,20190313_145158.jpg,0,0,0,0,0,1,0,0
4,2019-03-13--Cedara-(DKB)-DSC_0260.JPG,1,0,0,0,0,0,1,0
224,2019-03-13--Cedara-(DKB)-DSC_0190.JPG,0,0,0,0,0,1,0,0
2329,IMG_20200302_111706.jpg,1,1,0,0,0,0,0,0
1866,2012_03_IMG_6363_maize_diverse JM-C-Ac.JPG,0,0,0,0,0,0,0,1
979,IMG_20190316_081548.jpg,0,0,1,1,0,0,0,1
2089,20200309_092126.jpg,0,0,0,0,0,0,1,0
2200,20200309_091959.jpg,0,0,0,0,0,0,0,1
1980,20200309_091312.jpg,0,0,0,0,0,1,0,1
1507,IMG_20190227_113005.jpg,0,1,1,0,0,0,0,0
100,2019-03-13--Cedara-(DKB)-DSC_0014.JPG,1,0,1,0,0,0,0,0
998,46_CIMG3781_1-327-2.JPG,1,0,0,0,0,0,0,0
506,IMG_20190316_080800.jpg,0,0,0,0,0,0,1,0
1251,IMG_3835.JPG,1,0,0,0,0,0,0,0
1073,134_CIMG3870_1-113-2.JPG,1,0,0,0,0,0,0,0
504,IMG_20190316_085151.jpg,0,0,0,1,0,0,0,0
47,2019-03-13--Cedara-(DKB)-DSC_0075.JPG,1,1,0,0,0,0,0,0
1044,17_CIMG3751_1-131-1.JPG,1,0,0,0,0,0,0,0
1139,40_CIMG3775_1-288-1.JPG,1,0,0,0,0,0,0,0
661,20190313_112124.jpg,1,0,0,0,0,0,1,0
120,2019-03-13--Cedara-(DKB)-DSC_0241.JPG,0,0,0,0,0,1,0,0
810,IMG_20190316_091313.jpg,0,0,0,0,0,0,1,1
2050,20200309_102623.jpg,0,1,0,0,0,0,0,1
2278,IMG_20200302_111653.jpg,1,1,0,0,0,0,0,0
1372,IMG_3768.JPG,1,0,0,0,0,0,0,0
1243,IMG_3841.JPG,1,1,0,1,0,0,0,0
645,20190313_142824.jpg,0,0,0,0,1,0,0,0
804,IMG_20190316_092047.jpg,0,0,0,1,0,0,1,0
544,20190313_143644.jpg,0,0,0,0,0,1,0,0
1803,2012_03_IMG_6408_maize_diverse JM-C-Ac.JPG,1,0,0,0,0,0,0,0
808,IMG_20190316_081413_BURST001_COVER.jpg,0,0,0,1,0,0,0,0
1825,2012_03_IMG_6392_maize_diverse JM-C-Ac.JPG,1,0,0,0,0,0,0,0
875,IMG_20190316_091720.jpg,0,0,0,1,0,0,0,0
753,20190313_145402.jpg,0,1,0,0,0,0,1,0
378,IMG_20190316_083238.jpg,0,0,0,0,0,1,0,0
984,IMG_20190316_080141.jpg,0,1,1,1,0,0,0,0
1519,2012_03_DSC1928_maize_diverse-R-Pn-DK-28.JPG,1,0,0,0,0,0,0,0
2291,IMG_20200302_112050.jpg,0,1,0,0,0,0,0,0
528,20190313_110740.jpg,1,0,1,0,0,0,0,0
1133,125_CIMG3861_1-164-1.JPG,1,0,0,0,0,0,0,0
384,IMG_20190316_084427.jpg,0,1,1,1,0,0,0,0
610,20190313_113238.jpg,0,0,0,0,0,1,0,0
947,IMG_20190316_090218.jpg,0,0,0,1,0,0,0,1
146,2019-03-13--Cedara-(DKB)-DSC_0156.JPG,1,1,0,0,0,0,0,0
131,2019-03-13--Cedara-(DKB)-DSC_0313.JPG,0,0,0,1,0,0,0,0
2010,20200309_092137.jpg,0,0,0,0,0,1,0,0
1021,43_CIMG3778_1-238-2.JPG,1,0,0,0,0,0,0,0
1480,IMG_20190227_113129.jpg,0,1,0,0,0,0,0,0
885,IMG_20190316_080736.jpg,0,0,0,1,0,0,0,1
671,20190313_111506.jpg,0,0,1,1,0,0,0,0
480,IMG_20190316_084526.jpg,0,1,0,1,0,0,0,0
635,20190313_120606.jpg,0,1,0,0,0,0,0,0
1505,IMG_20190227_113055.jpg,1,0,1,0,0,0,0,0
234,2019-03-13--Cedara-(DKB)-DSC_0278.JPG,0,0,1,0,0,0,0,0
1913,2012_03_IMG_6382_maize_diverse JM-C-Ac.JPG,1,0,0,0,0,0,0,0
1324,IMG_3622.JPG,1,0,1,0,0,0,1,0
1376,IMG_3774.JPG,1,0,0,0,0,0,0,0
1420,IMG_3703.JPG,0,1,0,0,0,0,1,0
1901,2012_03_IMG_6517_maize_diverse JM-R-Pn.JPG,0,0,1,0,0,0,0,0
60,2019-03-13--Cedara-(DKB)-DSC_0112.JPG,1,0,0,0,0,0,0,0
274,2019-03-13--Cedara-(DKB)-DSC_0019.JPG,0,0,0,0,0,1,0,0
1577,2012_03_DSC1697_maize_diverse-C-AC-DK-273.JPG,1,0,0,0,0,0,1,0
256,2019-03-13--Cedara-(DKB)-DSC_0094.JPG,1,1,0,0,0,0,1,0
2368,IMG_20200323_103826.jpg,1,0,1,0,0,0,0,0
589,20190313_110506.jpg,0,0,1,0,0,0,0,0
1418,IMG_3842.JPG,0,1,0,1,0,0,0,0
1978,20200309_092123.jpg,0,0,0,0,0,0,0,1
2141,20200309_092134.jpg,0,0,0,0,0,0,0,1
2206,20200309_093507.jpg,1,0,0,0,0,0,0,1
10,2019-03-13--Cedara-(DKB)-DSC_0300.JPG,0,0,0,1,0,0,0,0
563,20190313_112336.jpg,0,0,0,0,0,1,0,0
1406,IMG_3737.JPG,1,0,0,0,0,0,1,0
816,IMG_20190316_082904.jpg,0,1,1,0,0,0,1,0
1098,196_CIMG3932_1-124-2.JPG,1,0,0,0,0,0,0,0
1276,IMG_3734.JPG,0,1,0,0,0,0,0,1
1802,2012_03_IMG_6492_maize_diverse JM-R-Pn.JPG,1,0,1,0,0,0,0,0
1455,IMG_3853.JPG,1,0,1,0,0,0,0,0
1341,IMG_3862.JPG,0,1,1,0,0,0,0,0
460,IMG_20190316_090609.jpg,0,1,0,1,0,0,0,0
341,IMG_20190316_082850.jpg,0,1,0,0,0,0,0,0
404,IMG_20190316_082015.jpg,0,0,1,0,0,0,0,0
267,2019-03-13--Cedara-(DKB)-DSC_0256.JPG,0,0,0,0,1,0,0,0
259,2019-03-13--Cedara-(DKB)-DSC_0315.JPG,0,0,0,1,0,0,0,0
1261,IMG_3720.JPG,0,1,0,0,0,0,0,0
843,IMG_20190316_091324.jpg,0,0,0,1,0,0,0,0
790,IMG_20190316_092644.jpg,0,1,1,0,0,0,0,0
1943,20200309_101733.jpg,0,0,0,0,0,0,1,1
260,2019-03-13--Cedara-(DKB)-DSC_0250.JPG,0,0,0,0,0,0,1,0
1036,229_CIMG3966_1-387-1.JPG,0,0,0,0,0,1,0,0
2339,IMG_20200302_112009.jpg,0,1,0,0,0,0,0,0
2109,20200309_092954.jpg,0,0,1,0,0,0,0,0
192,2019-03-13--Cedara-(DKB)-DSC_0212.JPG,0,0,0,1,0,0,0,0
419,IMG_20190316_090548.jpg,0,1,0,0,0,0,0,0
727,20190313_150013.jpg,0,0,0,0,0,1,1,0
238,2019-03-13--Cedara-(DKB)-DSC_0096.JPG,0,0,1,0,0,0,0,0
133,2019-03-13--Cedara-(DKB)-DSC_0079.JPG,0,0,0,0,0,0,0,1
2354,IMG_20200226_135211.jpg,1,0,0,0,0,0,0,0
1911,2012_03_IMG_6334_maize_diverse JM-C-Ac.JPG,0,0,0,0,0,1,0,0
1531,2012_03_DSC1737_maize_diverse-C-AC-DK-273.JPG,1,0,0,0,0,0,1,0
1097,168_CIMG3904_1-284-1.JPG,1,0,0,0,0,0,0,0
759,20190313_120744.jpg,0,0,0,0,0,1,0,0
1716,2012_03_IMG_6321_maize_diverse JM-C-Ac.JPG,1,0,0,0,0,0,0,0
1676,2012_03_DSC2007_maize_diverse-R-Pn-DK-28.JPG,0,0,0,0,0,1,0,0
2153,20200309_090754.jpg,0,0,1,0,0,0,0,0
1206,50_CIMG3785_1-66-1.JPG,1,1,0,0,0,0,0,0
1437,IMG_3713.JPG,1,0,0,0,0,0,1,0
2063,20200309_102656.jpg,0,1,0,0,0,0,0,0
1509,IMG_20190227_113117.jpg,0,1,1,0,0,0,0,1
2016,20200309_092918.jpg,0,0,0,0,0,1,0,0
1489,IMG_20190227_113125.jpg,0,1,1,0,0,0,0,0
1781,2012_03_IMG_6528_maize_diverse JM-R-Pn.JPG,1,0,0,0,0,0,0,0
1161,155_CIMG3891_1-59-1.JPG,1,0,0,0,0,0,0,0
660,20190313_141844.jpg,0,1,1,0,0,0,0,0
850,IMG_20190316_091242.jpg,0,0,0,1,0,0,1,0
49,2019-03-13--Cedara-(DKB)-DSC_0238.JPG,1,1,0,0,0,0,0,0
2156,20200309_092613.jpg,1,0,0,0,0,0,0,0
1208,8_CIMG3742_1-150-1.JPG,1,0,0,0,0,0,0,0
1627,2012_03_DSC1757_maize_diverse-C-AC-DK-273.JPG,1,0,0,0,0,0,0,0
439,IMG_20190316_084906.jpg,0,1,0,1,0,0,0,0
888,IMG_20190316_083002.jpg,0,0,1,0,0,0,0,0
545,20190313_145502.jpg,1,1,0,0,1,0,0,0
456,IMG_20190316_090503.jpg,0,0,1,1,0,0,0,0
1066,132_CIMG3868_1-95-2.JPG,1,0,0,0,0,0,0,0
2255,20200309_102235.jpg,1,1,0,0,0,0,0,0
576,20190313_112806.jpg,0,0,0,0,0,1,0,0
110,2019-03-13--Cedara-(DKB)-DSC_0024.JPG,0,1,1,0,0,0,0,0
2033,20200309_085803.jpg,1,0,1,0,0,0,0,0
2223,20200309_103456.jpg,0,0,0,0,0,1,0,0
2226,20200309_091231.jpg,1,0,0,0,0,0,0,1
1454,IMG_3646.JPG,0,0,1,0,0,0,1,0
500,IMG_20190316_085938.jpg,0,1,0,1,0,0,0,0
1349,IMG_3802.JPG,0,1,0,0,0,0,0,0
980,IMG_20190316_082807.jpg,0,0,1,0,0,0,0,0
172,2019-03-13--Cedara-(DKB)-DSC_0100.JPG,0,1,0,0,0,0,0,0
1015,65_CIMG3800_1-205-2.JPG,1,1,0,0,0,0,0,0
286,2019-03-13--Cedara-(DKB)-DSC_0285.JPG,0,0,0,0,0,1,0,0
1856,2012_03_IMG_6337_maize_diverse JM-C-Ac.JPG,0,0,0,0,0,0,0,1
736,20190313_152520.jpg,1,1,0,0,1,0,1,0
278,2019-03-13--Cedara-(DKB)-DSC_0037.JPG,0,0,1,1,0,0,0,0
118,2019-03-13--Cedara-(DKB)-DSC_0122.JPG,1,0,0,0,0,0,0,0
1985,20200309_103458.jpg,0,0,0,0,0,1,0,0
2184,20200309_093506.jpg,1,0,1,0,0,0,0,1
13,2019-03-13--Cedara-(DKB)-DSC_0090.JPG,1,0,0,0,0,0,0,0
2100,20200309_093620(0).jpg,0,0,0,0,0,0,0,1
750,20190313_145728.jpg,1,0,0,0,0,0,1,0
1724,2012_03_IMG_6281_maize_diverse JM-C-Ac.JPG,1,0,0,0,0,0,0,0
1327,IMG_3775.JPG,1,0,0,0,0,0,0,0
347,IMG_20190316_083217.jpg,0,0,0,1,0,0,0,0
495,IMG_20190316_094208.jpg,0,0,1,1,0,0,0,0
338,IMG_20190316_083706.jpg,0,1,1,0,0,0,0,0
164,2019-03-13--Cedara-(DKB)-DSC_0187.JPG,0,0,0,1,0,0,0,0
2169,20200309_092657.jpg,0,0,0,0,0,1,0,0
1927,2012_03_IMG_6554_maize_diverse JM-R-Pn.JPG,1,0,0,0,0,0,0,0
1046,201_CIMG3937_1-336-1.JPG,1,0,0,0,0,0,0,0
1734,2012_03_IMG_6287_maize_diverse JM-C-Ac.JPG,1,0,0,0,0,0,0,0
2304,IMG_20200302_111854.jpg,0,1,0,0,0,0,0,0
436,IMG_20190316_092103.jpg,0,1,0,1,0,0,0,0
1262,IMG_3638.JPG,1,0,1,1,0,0,1,1
1809,2012_03_IMG_6540_maize_diverse JM-R-Pn.JPG,1,1,0,0,0,0,0,0
2303,IMG_20200302_111934.jpg,1,1,0,0,0,0,0,0
1164,179_CIMG3915_1-141-1.JPG,1,0,0,0,0,0,0,0
206,2019-03-13--Cedara-(DKB)-DSC_0210.JPG,1,0,0,0,0,0,0,0
154,2019-03-13--Cedara-(DKB)-DSC_0088.JPG,0,0,0,0,0,1,0,0
2282,IMG_20200302_111932.jpg,1,1,0,0,0,0,0,0
75,2019-03-13--Cedara-(DKB)-DSC_0115.JPG,1,0,0,0,0,0,1,0
1810,2012_03_IMG_6391_maize_diverse JM-C-Ac.JPG,1,0,0,0,0,0,0,0
705,20190313_121935.jpg,0,1,0,0,0,0,0,0
586,20190313_142834.jpg,0,0,0,0,1,0,0,0
430,IMG_20190316_092255.jpg,0,1,0,1,0,0,0,0
1053,10_CIMG3744_1-40-1.JPG,1,0,0,0,0,0,0,0
1614,2012_03_DSC2008_maize_diverse-R-Pn-DK-28.JPG,0,0,0,0,0,0,0,1
1537,2012_03_DSC1766_maize_diverse-C-AC-DK-273.JPG,1,0,0,0,0,0,0,1
2364,IMG_20200309_115557.jpg,1,0,0,0,0,0,0,0
1260,IMG_3738.JPG,1,0,0,0,0,0,1,0
864,IMG_20190316_093055.jpg,0,0,0,1,0,0,0,1
658,20190313_110918.jpg,0,0,1,0,0,1,0,0
577,20190313_153614.jpg,0,0,1,1,0,0,0,0
369,IMG_20190316_090957.jpg,0,0,1,0,0,0,0,0
839,IMG_20190316_092807.jpg,0,0,1,0,0,0,0,0
2210,20200309_102705.jpg,1,1,0,0,0,0,0,0
2028,20200309_102702.jpg,0,1,0,0,0,0,0,0
765,20190313_153818.jpg,0,1,1,0,0,0,0,0
16,2019-03-13--Cedara-(DKB)-DSC_0052.JPG,1,0,0,0,0,0,0,0
2035,20200309_093530.jpg,1,0,0,0,0,0,0,0
346,IMG_20190316_085854.jpg,0,0,0,1,0,0,0,0
2356,IMG_20200226_135206.jpg,1,0,0,0,0,0,0,0
2334,IMG_20200226_084345.jpg,0,1,0,0,0,0,0,0
169,2019-03-13--Cedara-(DKB)-DSC_0051.JPG,1,0,0,0,0,0,0,0
800,IMG_20190316_081729.jpg,0,1,1,0,0,0,0,0
264,2019-03-13--Cedara-(DKB)-DSC_0213.JPG,1,0,0,1,0,0,0,0
317,IMG_20190316_082424.jpg,0,1,1,0,0,0,0,0
1096,33_CIMG3768_1-112-2.JPG,1,0,0,0,0,0,0,0
229,2019-03-13--Cedara-(DKB)-DSC_0261.JPG,0,0,0,0,0,1,0,0
1919,2012_03_IMG_6388_maize_diverse JM-C-Ac.JPG,1,0,0,0,0,0,0,0
1538,2012_03_DSC1726_maize_diverse-C-AC-DK-273.JPG,1,0,0,0,0,0,0,0
932,IMG_20190316_090013.jpg,1,1,0,1,0,0,0,0
1668,2012_03_DSC1925_maize_diverse-R-Pn-DK-28.JPG,1,0,0,0,0,0,0,0
2338,IMG_20200226_135334.jpg,1,0,0,0,0,0,0,0
1363,IMG_3710.JPG,1,0,0,0,0,0,0,0
1690,2012_03_IMG_6415_maize_diverse JM-R-Pn.JPG,0,0,0,0,0,0,0,1
699,20190313_143603.jpg,0,0,0,0,0,0,1,0
1393,IMG_3686.JPG,1,0,0,0,0,0,0,0
279,2019-03-13--Cedara-(DKB)-DSC_0130.JPG,1,0,0,0,0,0,0,0
2111,20200309_102937.jpg,0,0,0,0,0,1,1,0
1755,2012_03_IMG_6316_maize_diverse JM-C-Ac.JPG,1,0,0,0,0,0,0,0
1992,20200309_092455.jpg,1,0,0,0,0,0,0,0
222,2019-03-13--Cedara-(DKB)-DSC_0123.JPG,1,0,0,0,0,0,0,0
2176,20200309_090534.jpg,1,0,0,0,0,0,0,0
691,20190313_120250.jpg,0,0,0,0,0,1,0,0
601,20190313_111922.jpg,0,0,1,0,0,0,0,0
2263,20200309_101810.jpg,0,1,0,0,0,0,0,0
1246,IMG_3803.JPG,0,1,0,0,0,0,0,0
933,IMG_20190316_092827.jpg,0,0,0,1,0,0,0,1
992,IMG_20190316_085948.jpg,0,1,0,1,0,0,0,0
1929,2012_03_IMG_6424_maize_diverse JM-R-Pn.JPG,0,0,0,0,0,0,0,1
803,IMG_20190316_090122.jpg,0,0,0,1,0,0,0,1
1118,11_CIMG3745_1-40-2.JPG,1,0,0,0,0,0,0,0
1675,2012_03_DSC1955_maize_diverse-R-Pn-DK-28.JPG,0,1,0,0,0,0,0,1
1957,20200309_103415.jpg,0,0,0,0,0,1,0,0
704,20190313_121959.jpg,0,0,0,0,0,1,0,0
718,20190313_142438.jpg,0,0,0,0,0,1,0,0
429,IMG_20190316_093631.jpg,0,0,0,1,0,0,0,0
1812,2012_03_IMG_6467_maize_diverse JM-R-Pn.JPG,1,0,0,0,0,0,0,1
1545,2012_03_DSC1931_maize_diverse-R-Pn-DK-28.JPG,1,0,0,0,0,0,0,1
1836,2012_03_IMG_6304_maize_diverse JM-C-Ac.JPG,0,0,1,0,0,0,0,1
1921,2012_03_IMG_6360_maize_diverse JM-C-Ac.JPG,1,0,1,0,0,0,0,0
1090,9-CIMG3743_1_150-2.JPG,1,0,0,0,0,0,0,0
34,2019-03-13--Cedara-(DKB)-DSC_0277.JPG,0,0,1,0,0,0,0,0
518,20190313_114647.jpg,1,0,0,0,0,0,0,0
2030,20200309_093408.jpg,1,0,0,0,0,0,0,0
1223,IMG_3681.JPG,0,0,0,0,0,1,0,0
1289,IMG_3626.JPG,0,0,1,0,0,0,0,1
956,IMG_20190316_085638.jpg,0,1,0,0,0,0,0,1
1203,182_CIMG3918_1-68-1.JPG,1,1,0,0,0,0,0,0
1416,IMG_3678.JPG,0,0,0,0,0,1,0,0
1409,IMG_3742.JPG,1,0,0,0,0,0,0,0
1317,IMG_3767.JPG,1,0,0,0,0,0,0,0
2183,20200309_093118.jpg,0,0,1,0,0,0,0,0
536,20190313_142240.jpg,1,0,0,0,0,0,1,0
109,2019-03-13--Cedara-(DKB)-DSC_0058.JPG,1,0,0,0,0,0,0,0
1329,IMG_3787.JPG,1,0,0,0,0,0,1,0
1421,IMG_3666.JPG,1,0,0,0,0,0,1,0
424,IMG_20190316_074427.jpg,0,1,1,0,0,0,0,0
899,IMG_20190316_080851.jpg,0,0,1,0,0,0,0,0
1142,27_CIMG3762_1-145-2.JPG,1,1,0,0,0,0,0,0
1423,IMG_3776.JPG,1,0,0,0,0,0,1,0
1640,2012_03_DSC1713_maize_diverse-C-AC-DK-273.JPG,1,0,1,0,0,0,0,0
2274,IMG_20200323_104010.jpg,1,0,0,0,0,0,0,0
153,2019-03-13--Cedara-(DKB)-DSC_0151.JPG,0,0,0,0,0,1,0,0
1763,2012_03_IMG_6508_maize_diverse JM-R-Pn.JPG,1,0,0,0,0,0,0,0
363,IMG_20190316_075703.jpg,0,1,1,0,0,0,0,0
12,2019-03-13--Cedara-(DKB)-DSC_0065.JPG,1,0,0,0,0,0,1,0
522,20190313_112627.jpg,0,0,0,0,0,1,0,0
667,20190313_122954.jpg,1,0,1,0,0,0,0,0
174,2019-03-13--Cedara-(DKB)-DSC_0262.JPG,0,0,0,0,0,1,0,0
1499,IMG_20190227_113355.jpg,0,1,0,0,0,0,0,0
654,20190313_121107.jpg,0,0,0,0,0,1,1,0
1701,2012_03_IMG_6377_maize_diverse JM-C-Ac.JPG,1,0,0,0,0,0,0,0
414,IMG_20190316_092010.jpg,0,0,0,1,0,0,0,0
1888,2012_03_IMG_6480_maize_diverse JM-R-Pn.JPG,1,0,0,0,0,0,0,0
1238,IMG_3826.JPG,1,1,0,0,0,0,0,0
2152,20200309_102227.jpg,0,1,0,0,0,0,0,0
1280,IMG_3798.JPG,0,1,0,0,0,0,0,0
114,2019-03-13--Cedara-(DKB)-DSC_0163.JPG,0,0,0,0,0,0,0,1
832,IMG_20190316_085709.jpg,0,0,1,1,0,0,0,0
1896,2012_03_IMG_6411_maize_diverse JM-R-Pn.JPG,1,0,0,0,0,0,0,0
1696,2012_03_IMG_6578_maize_diverse JM-R-Pn.JPG,0,0,0,0,0,0,0,1
2012,20200309_092333.jpg,0,0,0,0,0,1,0,0
896,IMG_20190316_075050.jpg,0,1,1,0,0,0,0,0
1462,IMG_3682.JPG,1,1,0,0,0,0,0,0
2177,20200309_090547.jpg,1,0,0,0,0,0,0,0
557,20190313_152501.jpg,0,1,0,0,0,0,1,0
1470,IMG_3836.JPG,1,0,0,0,0,0,0,0
262,2019-03-13--Cedara-(DKB)-DSC_0152.JPG,0,0,0,0,0,1,0,0
2096,20200309_102748.jpg,1,1,0,0,0,0,0,0
1069,203_CIMG3939_1-230-1.JPG,1,0,0,0,0,0,0,0
362,IMG_20190316_082402.jpg,0,0,1,0,0,0,0,0
170,2019-03-13--Cedara-(DKB)-DSC_0102.JPG,0,0,0,0,0,0,1,0
2007,20200309_101812.jpg,0,1,0,0,0,0,0,0
2082,20200309_091644.jpg,1,0,1,0,0,0,0,0
1435,IMG_3754.JPG,0,1,0,0,0,0,1,0
399,IMG_20190316_092215.jpg,0,0,0,1,0,0,0,0
957,IMG_20190316_090856.jpg,0,0,1,0,0,0,1,0
171,2019-03-13--Cedara-(DKB)-DSC_0192.JPG,0,1,0,0,0,0,0,0
1026,206_CIMG3942_1-47-2.JPG,1,1,0,0,0,0,0,0
187,2019-03-13--Cedara-(DKB)-DSC_0018.JPG,0,0,1,0,0,0,0,0
2222,20200309_093736.jpg,0,0,0,0,0,0,0,1
2227,20200309_093426.jpg,1,0,0,0,0,0,0,0
2318,IMG_20200302_111852.jpg,0,1,0,0,0,0,0,0
1852,2012_03_IMG_6579_maize_diverse JM-R-Pn.JPG,1,0,0,0,0,0,0,0
1585,2012_03_DSC1974_maize_diverse-R-Pn-DK-28.JPG,0,0,0,0,0,1,0,0
1613,2012_03_DSC1743_maize_diverse-C-AC-DK-273.JPG,0,0,0,0,0,0,0,1
135,2019-03-13--Cedara-(DKB)-DSC_0017.JPG,0,1,0,0,0,1,0,1
2069,20200309_101744.jpg,0,1,0,0,0,0,0,0
304,2019-03-13--Cedara-(DKB)-DSC_0301.JPG,0,0,0,0,0,0,1,0
115,2019-03-13--Cedara-(DKB)-DSC_0184.JPG,1,0,0,0,0,0,0,0
233,2019-03-13--Cedara-(DKB)-DSC_0232.JPG,0,0,0,0,1,0,0,0
1160,141_CIMG3877_1-349-2.JPG,1,0,0,0,0,0,0,0
637,20190313_144725.jpg,0,0,0,0,0,1,0,0
302,2019-03-13--Cedara-(DKB)-DSC_0249.JPG,0,0,0,0,0,1,0,0
1288,IMG_3661.JPG,1,0,0,0,0,0,0,0
92,2019-03-13--Cedara-(DKB)-DSC_0242.JPG,0,0,0,0,0,1,0,0
221,2019-03-13--Cedara-(DKB)-DSC_0135.JPG,0,0,0,0,0,1,0,0
623,20190313_113414.jpg,0,0,0,1,0,0,0,0
1257,IMG_3808.JPG,1,0,0,0,0,0,0,0
1214,104_CIMG3839_1-43-2.JPG,1,0,0,0,0,0,0,0
2021,20200309_103343.jpg,0,0,1,0,0,0,0,0
1290,IMG_3673.JPG,1,1,0,0,0,0,0,0
356,IMG_20190316_090859.jpg,0,0,1,1,0,0,0,0
2046,20200309_102202.jpg,0,1,0,0,0,0,0,0
1547,2012_03_DSC1735_maize_diverse-C-AC-DK-273.JPG,1,0,0,0,0,0,1,0
2126,20200309_093048.jpg,0,0,0,0,0,1,0,0
1865,2012_03_IMG_6550_maize_diverse JM (1)-R-Pn.JPG,0,0,0,0,0,1,0,0
1861,2012_03_IMG_6319_maize_diverse JM-C-Ac.JPG,1,0,0,0,0,0,0,0
1352,IMG_3672.JPG,1,1,0,0,0,0,0,0
1335,IMG_3750.JPG,0,0,0,0,0,1,0,0
2273,IMG_20200309_105455.jpg,1,0,0,0,0,0,0,0
103,2019-03-13--Cedara-(DKB)-DSC_0199.JPG,0,0,0,0,0,0,0,1
39,2019-03-13--Cedara-(DKB)-DSC_0043.JPG,1,0,0,0,0,0,0,0
969,IMG_20190316_082902.jpg,0,1,1,1,0,0,0,0
1679,2012_03_DSC1796_maize_diverse-C-AC-DK-273.JPG,1,0,0,0,0,0,0,0
520,20190313_144456.jpg,0,0,0,0,0,1,0,0
2271,20200309_093024(0).jpg,0,0,0,0,0,1,0,0
1610,2012_03_DSC1892_maize_diverse-R-Pn-DK-28.JPG,1,0,0,0,0,0,0,0
1153,23_CIMG3757_1-361-2.JPG,0,0,0,0,0,0,0,1
1361,IMG_3834.JPG,1,1,0,0,0,0,0,0
1698,2012_03_IMG_6501_maize_diverse JM-R-Pn.JPG,1,0,1,0,0,0,0,0
1163,145_CIMG3881_1-328-2.JPG,1,0,0,0,0,0,0,0
288,2019-03-13--Cedara-(DKB)-DSC_0215.JPG,0,0,0,1,0,0,0,0
2165,20200309_091918.jpg,0,0,0,0,0,0,0,1
967,IMG_20190316_091259.jpg,0,1,0,0,0,0,0,0
283,2019-03-13--Cedara-(DKB)-DSC_0195.JPG,0,1,0,0,0,0,0,0
1370,IMG_3793.JPG,1,1,0,0,0,0,1,0
1407,IMG_3852.JPG,0,1,0,0,0,0,0,0
1485,IMG_20190227_113327.jpg,0,1,0,0,0,0,0,0
1439,IMG_3640.JPG,1,0,1,0,0,0,0,0
1689,2012_03_DSC2013_maize_diverse-R-Pn-DK-28.JPG,1,0,0,0,0,0,0,0
1071,117_CIMG3853_1-121-2.JPG,1,0,0,0,0,0,0,0
253,2019-03-13--Cedara-(DKB)-DSC_0046.JPG,1,0,0,0,0,0,1,1
1009,131_CIMG3867_1-95-1.JPG,1,0,0,0,0,0,0,0
2056,20200309_103327.jpg,0,0,0,0,0,0,0,1
1703,2012_03_IMG_6428_maize_diverse JM-R-Pn.JPG,1,0,0,0,0,0,0,0
42,2019-03-13--Cedara-(DKB)-DSC_0286.JPG,0,0,1,0,0,0,0,1
786,IMG_20190316_092152.jpg,0,0,0,1,0,0,1,0
1483,IMG_20190227_113101.jpg,0,1,0,0,1,0,0,0
1794,2012_03_IMG_6449_maize_diverse JM-R-Pn.JPG,1,0,1,0,0,0,0,0
802,IMG_20190316_082507.jpg,0,1,1,0,0,0,0,0
2276,IMG_20200302_111849.jpg,1,1,0,0,0,0,0,1
1595,2012_03_DSC1711_maize_diverse-C-AC-DK-273.JPG,0,0,0,0,0,0,0,1
96,2019-03-13--Cedara-(DKB)-DSC_0146.JPG,1,1,0,0,0,0,0,0
683,20190313_152235.jpg,0,1,0,0,0,0,1,0
1110,28_CIMG3763_1-127-1.JPG,1,0,0,0,0,0,0,0
872,IMG_20190316_081714.jpg,0,1,1,0,0,0,0,0
1874,2012_03_IMG_6567_maize_diverse JM-R-Pn.JPG,0,0,0,0,0,0,0,1
2322,IMG_20200226_083813.jpg,1,0,0,0,0,0,0,0
650,20190313_143456.jpg,1,0,0,0,0,0,0,1
1853,2012_03_IMG_6494_maize_diverse JM-R-Pn.JPG,0,0,0,0,0,1,0,0
822,IMG_20190316_085049.jpg,0,0,0,1,0,0,0,0
918,IMG_20190316_091152.jpg,0,0,0,0,0,0,0,1
1937,20200309_092955.jpg,1,0,0,0,0,0,0,0
1012,214_CIMG3951_1-298-1.JPG,1,1,0,0,0,0,0,0
2305,IMG_20200317_110659.jpg,0,1,0,0,0,0,0,0
2008,20200309_092400.jpg,0,0,0,0,0,1,0,0
1318,IMG_3650.JPG,0,1,0,0,0,0,0,0
1038,64_CIMG3799_1-205-1.JPG,1,1,0,0,0,0,0,0
1311,IMG_3824.JPG,1,0,0,0,0,0,0,0
1266,IMG_3662.JPG,1,0,0,0,0,0,0,0
162,2019-03-13--Cedara-(DKB)-DSC_0061.JPG,1,0,1,0,0,0,0,0
1791,2012_03_IMG_6543_maize_diverse JM (1)-R-Pn.JPG,0,0,0,0,0,1,0,0
1140,54_CIMG3789_1-186-1.JPG,1,0,0,0,0,0,0,0
1587,2012_03_DSC1792_maize_diverse-C-AC-DK-273.JPG,1,1,0,0,0,0,0,0
1469,IMG_3732.JPG,1,1,0,0,0,0,0,0
2267,20200309_103141.jpg,1,0,1,1,0,0,0,0
1377,IMG_3741.JPG,1,0,0,0,0,0,0,0
551,20190313_115720.jpg,1,0,0,0,0,0,0,0
1051,114_CIMG3850_1-322-1.JPG,1,0,0,0,0,0,0,0
2374,IMG_20200318_121643.jpg,1,1,0,0,0,0,0,0
1899,2012_03_IMG_6461_maize_diverse JM-R-Pn.JPG,0,0,0,0,0,0,1,0
147,2019-03-13--Cedara-(DKB)-DSC_0020.JPG,0,0,0,0,0,1,0,0
1933,20200309_093506(0).jpg,1,0,0,0,0,0,0,0
2088,20200309_093753.jpg,0,0,0,0,0,1,0,0
476,IMG_20190316_082735.jpg,0,0,1,0,0,0,0,0
1367,IMG_3628.JPG,0,0,1,0,1,0,0,0
193,2019-03-13--Cedara-(DKB)-DSC_0159.JPG,0,0,0,0,0,1,0,0
1079,97_CIMG3832_1-366-2.JPG,1,0,0,0,0,0,0,0
2160,20200309_093015.jpg,0,0,1,0,0,0,0,0
873,IMG_20190316_090401.jpg,0,1,0,1,0,0,0,0
2293,IMG_20200309_104018.jpg,1,0,0,0,0,0,0,0
2064,20200309_093033.jpg,0,0,0,0,0,1,0,0
823,IMG_20190316_081850.jpg,0,1,0,0,0,0,1,1
1389,IMG_3717.JPG,0,1,1,0,0,0,0,0
1731,2012_03_IMG_6355_maize_diverse JM-C-Ac.JPG,1,0,0,0,0,0,0,0
1268,IMG_3623.JPG,1,0,1,1,0,0,0,0
2296,IMG_20200317_110657.jpg,0,1,0,0,0,0,0,0
1805,2012_03_IMG_6584_maize_diverse JM (1)-R-Pn.JPG,1,1,0,0,0,0,1,0
2004,20200309_102114.jpg,0,1,0,0,0,0,1,0
769,20190313_113323.jpg,0,0,1,0,0,0,0,0
1240,IMG_3844.JPG,0,1,0,0,0,0,0,0
625,20190313_152450.jpg,0,1,0,0,1,0,1,0
2187,20200309_093538.jpg,1,0,1,0,0,0,0,0
357,IMG_20190316_083811.jpg,0,1,0,1,0,0,0,0
2325,IMG_20200302_111710.jpg,1,1,0,0,0,0,0,0
773,20190313_141954.jpg,1,1,0,0,0,0,1,0
2327,IMG_20200302_111928.jpg,1,0,0,0,0,0,0,0
365,IMG_20190316_091052.jpg,0,0,0,1,0,0,0,0
1101,34_CIMG3769_1-CML-1.JPG,1,0,0,0,0,0,0,0
837,IMG_20190316_082504.jpg,0,1,1,0,0,0,0,0
1464,IMG_3625.JPG,0,0,1,0,0,0,0,1
2311,IMG_20200302_111643.jpg,1,1,0,0,0,0,0,0
84,2019-03-13--Cedara-(DKB)-DSC_0243.JPG,0,0,0,0,0,1,0,0
2225,20200309_090217.jpg,1,0,0,0,0,0,0,0
1494,IMG_20190227_112929.jpg,0,1,0,0,0,0,0,1
1076,187_CIMG3923_1-194-2.JPG,1,0,0,0,0,0,0,0
2091,20200309_103309.jpg,0,0,0,0,0,1,0,0
1608,2012_03_DSC1723_maize_diverse (1)-C-AC-DK-273.JPG,1,0,0,0,0,0,0,0
1022,191_CIMG3927_1-116-1.JPG,1,0,0,0,0,0,0,0
743,20190313_153713.jpg,0,1,0,1,0,0,0,0
606,20190313_153651.jpg,0,0,0,0,0,1,0,0
491,IMG_20190316_094149.jpg,0,0,1,1,0,0,0,0
1842,2012_03_IMG_6515_maize_diverse JM-R-Pn.JPG,1,0,0,0,0,0,0,0
1777,2012_03_IMG_6569_maize_diverse JM-R-Pn.JPG,1,0,1,0,0,0,0,0
895,IMG_20190316_081940.jpg,0,1,1,0,0,0,0,0
2062,20200309_093124.jpg,1,0,0,0,0,0,0,0
1907,2012_03_IMG_6270_maize_diverse JM-C-Ac.JPG,1,0,0,0,0,0,0,0
1436,IMG_3840.JPG,1,1,0,1,0,0,0,0
840,IMG_20190316_081431.jpg,0,0,0,1,0,0,0,0
2193,20200309_092941(0).jpg,1,0,0,0,0,1,0,0
2242,20200309_103359.jpg,1,0,0,0,0,0,0,0
1851,2012_03_IMG_6332_maize_diverse JM-C-Ac.JPG,0,0,0,0,0,0,0,1
531,20190313_142851.jpg,1,0,1,0,1,0,1,0
1994,20200309_092928(0).jpg,0,0,0,0,0,0,0,1
273,2019-03-13--Cedara-(DKB)-DSC_0246.JPG,0,0,0,0,0,1,1,0
2309,IMG_20200302_111646.jpg,1,0,0,0,0,0,0,0
1877,2012_03_IMG_6564_maize_diverse JM-R-Pn.JPG,1,0,0,0,0,0,0,0
911,IMG_20190316_090139.jpg,0,0,0,1,1,0,0,0
1555,2012_03_DSC1734_maize_diverse-C-AC-DK-273.JPG,1,0,0,0,0,0,0,0
489,IMG_20190316_092829.jpg,0,1,0,1,0,0,0,0
627,20190313_153552.jpg,1,1,0,0,0,0,0,0
1999,20200309_091534.jpg,0,0,1,0,0,0,0,0
937,IMG_20190316_090436.jpg,0,0,0,0,0,0,1,0
1785,2012_03_IMG_6584_maize_diverse JM-R-Pn.JPG,1,1,0,0,0,0,0,0
2155,20200309_103333.jpg,0,0,0,0,0,1,1,0
2205,20200309_091248.jpg,0,0,0,1,0,0,0,0
1759,2012_03_IMG_6378_maize_diverse JM-C-Ac.JPG,1,0,0,0,0,0,0,0
968,IMG_20190316_092209.jpg,0,0,0,1,0,0,1,0
960,IMG_20190316_083852.jpg,0,0,1,0,0,0,0,0
1099,231_CIMG3968_1-387-2.JPG,1,0,0,0,0,0,0,1
375,IMG_20190316_084127.jpg,0,0,1,0,0,0,0,0
2087,20200309_092023.jpg,0,0,0,0,0,1,0,0
768,20190313_144614.jpg,1,0,0,0,0,0,1,0
2348,IMG_20200302_111924.jpg,0,1,0,0,0,0,0,1
139,2019-03-13--Cedara-(DKB)-DSC_0021.JPG,0,0,1,0,0,0,0,0
882,IMG_20190316_090323.jpg,0,0,0,1,0,0,0,0
1199,60_CIMG3795_1-341-1.JPG,1,0,0,0,0,0,0,0
1326,IMG_3832.JPG,0,1,0,0,0,0,0,0
1750,2012_03_IMG_6544_maize_diverse JM-R-Pn.JPG,0,0,0,0,0,0,0,1
2185,20200309_090541.jpg,1,0,0,0,0,0,0,0
1212,71_CIMG3806_1-259-2.JPG,1,0,0,0,0,0,0,0
1686,2012_03_DSC1780_maize_diverse-C-AC-DK-273.JPG,1,0,0,0,0,0,0,0
46,2019-03-13--Cedara-(DKB)-DSC_0128.JPG,1,0,0,0,0,0,0,0
1550,2012_03_DSC2014_maize_diverse-R-Pn-DK-28.JPG,1,0,0,0,0,0,1,0
1005,209_CIMG3945_1-217-1.JPG,1,0,0,0,0,0,0,0
1008,76_CIMG3811_1-275-1.JPG,1,0,0,0,0,0,0,0
294,2019-03-13--Cedara-(DKB)-DSC_0197.JPG,0,1,0,0,0,0,0,0
673,20190313_153602.jpg,0,0,1,0,0,0,0,0
325,IMG_20190316_083839.jpg,0,1,0,1,0,0,0,0
838,IMG_20190316_081932.jpg,0,0,0,0,0,0,0,1
798,IMG_20190316_082555.jpg,0,1,1,0,0,0,0,0
2330,IMG_20200226_135353.jpg,1,0,0,0,0,0,0,0
1319,IMG_3839.JPG,0,0,0,1,0,0,0,0
909,IMG_20190316_074934.jpg,0,0,1,0,0,0,1,1
815,IMG_20190316_085113.jpg,0,1,0,1,0,0,0,0
254,2019-03-13--Cedara-(DKB)-DSC_0216.JPG,1,0,0,0,0,0,0,0
412,IMG_20190316_090649.jpg,0,1,0,0,0,0,0,0
1846,2012_03_IMG_6585_maize_diverse JM-R-Pn.JPG,1,0,0,0,0,0,0,0
1122,101_CIMG3836_1-49-1.JPG,1,0,0,0,0,0,0,0
1949,20200309_093831.jpg,0,1,0,0,0,0,1,0
52,2019-03-13--Cedara-(DKB)-DSC_0060.JPG,1,0,0,0,0,0,0,0
440,IMG_20190316_093644.jpg,0,0,0,1,0,0,0,0
582,20190313_122815.jpg,1,0,0,0,0,0,0,0
2005,20200309_103507.jpg,0,0,0,0,0,1,0,0
329,IMG_20190316_083301.jpg,0,1,0,0,0,0,0,0
861,IMG_20190316_092634.jpg,0,0,0,1,0,0,0,1
1236,IMG_3821.JPG,1,0,0,0,0,0,0,0
2363,IMG_20200226_084450.jpg,1,0,0,0,0,0,0,0
389,IMG_20190316_092650.jpg,0,1,0,1,0,0,0,0
2106,20200309_092215.jpg,0,0,0,0,0,1,0,0
242,2019-03-13--Cedara-(DKB)-DSC_0025.JPG,0,0,1,0,0,0,1,0
203,2019-03-13--Cedara-(DKB)-DSC_0045.JPG,1,0,0,0,0,0,1,1
695,20190313_120813.jpg,1,1,0,0,0,0,0,0
1672,2012_03_DSC1898_maize_diverse-R-Pn-DK-28.JPG,1,0,1,0,0,0,0,1
268,2019-03-13--Cedara-(DKB)-DSC_0010.JPG,0,0,1,1,0,0,1,0
620,20190313_153507.jpg,0,1,1,0,0,0,0,0
345,IMG_20190316_081131.jpg,0,0,1,0,0,0,0,0
297,2019-03-13--Cedara-(DKB)-DSC_0071.JPG,1,0,0,0,0,0,0,0
758,20190313_122144.jpg,1,0,0,0,0,0,0,0
788,IMG_20190316_085340.jpg,1,0,0,0,0,0,1,0
1410,IMG_3641.JPG,0,0,1,0,0,0,0,0
778,20190313_142157.jpg,1,1,0,0,0,0,1,0
722,20190313_145801.jpg,0,0,0,0,0,0,1,1
571,20190313_152220.jpg,0,1,0,0,0,0,1,0
509,IMG_20190316_082219.jpg,0,0,0,0,0,0,1,0
1955,20200309_092852.jpg,0,0,0,0,0,0,0,1
336,IMG_20190316_083904.jpg,0,0,1,0,0,0,0,0
794,IMG_20190316_075008.jpg,0,1,0,1,0,0,0,0
609,20190313_143914.jpg,0,1,0,0,0,0,0,0
2352,IMG_20200302_111743.jpg,1,0,0,0,0,0,0,0
2321,IMG_20200302_112201.jpg,1,1,0,0,0,0,0,0
335,IMG_20190316_094012.jpg,0,0,1,1,0,0,0,1
1305,IMG_3723.JPG,1,1,0,0,0,0,0,0
134,2019-03-13--Cedara-(DKB)-DSC_0157.JPG,1,0,0,0,0,0,0,0
435,IMG_20190316_090913.jpg,0,0,0,1,0,0,0,0
836,IMG_20190316_091215.jpg,0,1,0,1,0,0,0,0
915,IMG_20190316_083135.jpg,0,1,1,0,0,0,0,0
1263,IMG_3871.JPG,0,1,1,0,0,0,1,1
1368,IMG_3731.JPG,1,1,0,0,0,0,0,0
1926,2012_03_IMG_6453_maize_diverse JM-R-Pn.JPG,0,0,0,0,0,0,0,1
908,IMG_20190316_080832.jpg,0,0,0,0,0,0,1,1
948,IMG_20190316_085047.jpg,0,0,0,0,0,0,0,1
2175,20200309_090356.jpg,1,0,0,0,0,0,0,0
1150,184_CIMG3920_1-86-1.JPG,1,0,0,0,0,0,0,0
1235,IMG_3691.JPG,0,1,0,0,0,0,0,0
1834,2012_03_IMG_6486_maize_diverse JM-R-Pn.JPG,0,0,0,0,0,1,0,0
223,2019-03-13--Cedara-(DKB)-DSC_0225.JPG,0,0,1,0,0,0,0,0
355,IMG_20190316_081451.jpg,0,0,0,1,0,0,0,0
1495,IMG_20190227_112811.jpg,0,0,1,0,0,0,1,0
1336,IMG_3709.JPG,1,0,0,0,0,0,1,0
1060,80_CIMG3815_1-282-1.JPG,1,0,0,0,0,0,0,0
1624,2012_03_DSC2004_maize_diverse-R-Pn-DK-28.JPG,0,0,0,0,0,0,0,1
197,2019-03-13--Cedara-(DKB)-DSC_0236.JPG,0,0,0,0,0,1,0,0
1553,2012_03_DSC2010_maize_diverse-R-Pn-DK-28.JPG,0,0,0,0,0,0,1,1
2336,IMG_20200226_084032.jpg,1,0,0,0,0,0,0,0
1304,IMG_3699.JPG,1,1,0,0,0,0,0,0
394,IMG_20190316_081604.jpg,0,1,1,0,0,0,0,0
1431,IMG_3629.JPG,0,0,1,0,0,0,0,1
371,IMG_20190316_085922.jpg,0,0,1,0,0,0,0,0
1487,IMG_20190227_113122.jpg,1,1,0,0,0,0,1,0
2112,20200309_093659.jpg,0,0,0,0,0,1,1,0
296,2019-03-13--Cedara-(DKB)-DSC_0166.JPG,0,1,0,0,0,0,0,0
792,IMG_20190316_084959.jpg,1,1,0,1,0,0,0,0
1816,2012_03_IMG_6396_maize_diverse JM-C-Ac.JPG,1,0,0,0,0,0,0,0
276,2019-03-13--Cedara-(DKB)-DSC_0141.JPG,0,1,0,0,0,0,0,0
830,IMG_20190316_092955.jpg,0,0,0,0,0,0,0,1
1029,74_CIMG3809_1-337-1.JPG,1,0,0,0,0,0,0,0
2054,20200309_102108.jpg,1,1,0,0,0,0,0,0
2151,20200309_093039.jpg,0,0,1,0,0,0,0,0
928,IMG_20190316_090338.jpg,0,0,0,0,0,0,0,1
1607,2012_03_DSC1983_maize_diverse-R-Pn-DK-28.JPG,0,0,0,0,0,1,0,0
1906,2012_03_IMG_6289_maize_diverse JM-C-Ac.JPG,0,0,0,0,0,0,0,1
889,IMG_20190316_082143.jpg,0,1,1,0,0,0,0,0
1592,2012_03_DSC2002_maize_diverse-R-Pn-DK-28.JPG,0,0,0,0,0,0,0,1
497,IMG_20190316_083538.jpg,0,0,1,0,0,0,0,1
1350,IMG_3848.JPG,1,0,1,0,0,0,0,0
501,IMG_20190316_082211.jpg,0,0,0,0,0,0,1,0
1961,20200309_092701.jpg,0,0,0,0,0,1,0,0
1399,IMG_3838.JPG,1,0,0,0,0,0,0,0
603,20190313_144555.jpg,0,0,0,0,0,1,1,0
1204,158_CIMG3894_1-29-2.JPG,1,1,0,0,0,0,0,0
2237,20200309_092951.jpg,1,0,0,0,0,0,0,0
1417,IMG_3868.JPG,1,1,0,0,0,0,0,1
1768,2012_03_IMG_6383_maize_diverse JM-C-Ac.JPG,1,0,0,0,0,0,0,0
1615,2012_03_DSC1984_maize_diverse-R-Pn-DK-28.JPG,1,0,0,0,0,0,0,0
2124,20200309_103350.jpg,1,0,0,0,0,0,0,1
168,2019-03-13--Cedara-(DKB)-DSC_0125.JPG,1,0,0,0,0,0,0,0
2302,IMG_20200226_084051.jpg,1,1,0,0,0,0,0,0
98,2019-03-13--Cedara-(DKB)-DSC_0153.JPG,0,1,0,0,0,0,1,0
1445,IMG_3749.JPG,0,0,0,0,0,1,0,0
277,2019-03-13--Cedara-(DKB)-DSC_0244.JPG,0,1,0,0,0,0,0,0
1637,2012_03_DSC1928_maize_diverse (1)-R-Pn-DK-28.JPG,0,0,0,0,0,0,0,1
1440,IMG_3687.JPG,0,1,0,0,0,0,0,0
712,20190313_121901.jpg,0,0,0,1,0,0,0,0
1872,2012_03_IMG_6336_maize_diverse JM-C-Ac.JPG,0,0,0,0,0,0,0,1
106,2019-03-13--Cedara-(DKB)-DSC_0177.JPG,1,0,0,0,0,0,0,0
1405,IMG_3665.JPG,1,0,0,0,0,0,0,0
1948,20200309_091912.jpg,1,1,0,0,0,0,0,0
1130,75_CIMG3810_1-337-2.JPG,1,0,0,0,0,0,0,0
1084,35_CIMG3770_1-CML-1.JPG,1,0,0,0,0,0,0,0
410,IMG_20190316_090215.jpg,0,1,0,0,0,0,0,0
265,2019-03-13--Cedara-(DKB)-DSC_0064.JPG,1,0,0,0,0,0,0,0
413,IMG_20190316_082500.jpg,0,1,1,0,0,0,0,0
1476,IMG_3814.JPG,1,0,0,0,0,0,0,0
1438,IMG_3692.JPG,1,1,0,0,0,0,0,0
425,IMG_20190316_090519.jpg,0,0,1,0,0,0,0,0
2261,20200309_091014.jpg,1,0,1,0,0,0,0,1
2360,IMG_20200129_103551.jpg,0,1,0,0,0,0,0,0
1187,130_CIMG3866_1-7-2.JPG,0,0,0,0,0,0,0,1
261,2019-03-13--Cedara-(DKB)-DSC_0137.JPG,0,0,0,0,0,0,0,1
407,IMG_20190316_081015.jpg,0,0,1,1,0,0,0,0
675,20190313_145417.jpg,0,1,0,0,0,0,0,0
2043,20200309_093619.jpg,0,0,0,0,0,0,0,1
621,20190313_144433.jpg,0,1,0,0,0,0,0,0
2150,20200309_092900.jpg,0,0,1,0,0,0,0,0
1669,2012_03_DSC1707_maize_diverse-C-AC-DK-273.JPG,0,0,0,0,0,0,0,1
2053,20200309_092951(1).jpg,0,0,0,0,0,0,0,1
1829,2012_03_IMG_6534_maize_diverse JM-R-Pn.JPG,1,0,0,0,0,0,0,0
587,20190313_141853.jpg,0,1,0,0,0,0,0,0
2191,20200309_103050.jpg,0,0,0,0,0,0,0,1
1973,20200309_093006.jpg,0,0,1,0,0,0,0,0
80,2019-03-13--Cedara-(DKB)-DSC_0008.JPG,0,0,1,0,0,0,0,1
437,IMG_20190316_083836.jpg,0,0,1,0,0,0,0,0
631,20190313_121410.jpg,1,0,0,0,0,0,1,0
1511,IMG_20190227_113131.jpg,0,1,0,0,0,0,0,0
1745,2012_03_IMG_6484_maize_diverse JM-R-Pn.JPG,1,0,0,0,0,0,0,0
1217,63_CIMG3798_1-25-2.JPG,1,0,0,0,0,0,0,0
842,IMG_20190316_090610.jpg,0,1,0,1,0,0,0,0
1285,IMG_3644.JPG,0,0,1,1,0,0,0,0
2192,20200309_092926.jpg,1,0,0,0,0,0,0,0
1385,IMG_3755.JPG,0,1,1,0,0,0,0,0
1884,2012_03_IMG_6362_maize_diverse JM-C-Ac.JPG,1,1,0,0,0,0,0,0
163,2019-03-13--Cedara-(DKB)-DSC_0109.JPG,0,1,0,0,0,0,0,0
2299,IMG_20200302_111755.jpg,0,1,0,0,0,0,0,1
1173,119_CIMG3855_1-110-1.JPG,1,0,0,0,0,0,0,0
1835,2012_03_IMG_6342_maize_diverse JM-C-Ac.JPG,1,0,0,0,0,0,0,0
1369,IMG_3872.JPG,1,1,0,0,0,0,0,0
2333,IMG_20200309_104009.jpg,1,0,0,0,0,0,0,0
1429,IMG_3624.JPG,1,0,0,0,0,0,1,0
776,20190313_113002.jpg,0,1,1,0,0,0,1,0
503,IMG_20190316_083155.jpg,0,0,1,1,0,0,0,0
289,2019-03-13--Cedara-(DKB)-DSC_0131.JPG,1,0,0,0,0,0,0,0
795,IMG_20190316_081710.jpg,0,1,0,0,0,0,0,1
1075,217_CIMG3954_1-382-1.JPG,1,0,0,0,0,0,0,0
2047,20200309_093554.jpg,0,0,0,0,0,1,0,0
457,IMG_20190316_081310.jpg,0,0,1,1,0,0,0,0
1617,2012_03_DSC1919_maize_diverse-R-Pn-DK-28.JPG,0,0,0,0,0,1,0,0
618,20190313_115540.jpg,1,0,0,0,0,0,0,0
1767,2012_03_IMG_6351_maize_diverse JM-C-Ac.JPG,1,1,0,0,0,0,0,0
2179,20200309_101754.jpg,1,1,0,0,0,0,0,0
354,IMG_20190316_093747.jpg,0,1,0,1,0,0,0,0
1364,IMG_3772.JPG,1,0,0,0,0,0,0,0
1309,IMG_3815.JPG,1,0,0,0,0,0,0,0
602,20190313_122942.jpg,1,0,0,0,0,0,0,0
295,2019-03-13--Cedara-(DKB)-DSC_0222.JPG,0,1,0,0,0,0,0,0
